CustomerID,Recency,Frequency,MonetaryValue
12346.00,326,2,0.00
12347.00,3,151,3598.21
12348.00,76,31,1797.24
12349.00,19,73,1757.55
12350.00,311,17,334.40
12352.00,37,95,1545.41
12353.00,205,4,89.00
12354.00,233,58,1079.40
12355.00,215,13,459.40
12356.00,23,59,2811.43
12357.00,34,131,6207.67
12358.00,2,19,1168.06
12359.00,8,254,6245.53
12360.00,53,129,2662.06
12361.00,288,10,189.90
12362.00,4,274,5154.58
12363.00,110,23,552.00
12364.00,8,85,1313.10
12365.00,292,23,320.69
12367.00,5,11,168.90
12370.00,52,167,3545.69
12371.00,45,63,1887.96
12372.00,72,52,1298.04
12373.00,312,14,364.60
12374.00,26,33,742.93
12375.00,3,18,455.42
12377.00,316,77,1628.12
12378.00,130,219,4008.62
12379.00,82,41,850.29
12380.00,22,105,2720.56
12381.00,5,91,1803.96
12383.00,185,100,1839.31
12384.00,29,30,566.16
12386.00,338,2,143.00
12388.00,16,100,2780.66
12390.00,80,32,549.84
12391.00,22,100,460.89
12393.00,73,64,1582.60
12394.00,64,27,1272.48
12395.00,16,147,2652.18
12397.00,36,126,2409.90
12398.00,46,85,1635.66
12399.00,120,59,1108.65
12401.00,304,5,84.30
12402.00,324,11,225.60
12403.00,50,6,409.70
12405.00,149,54,1710.39
12406.00,23,108,3280.75
12407.00,50,77,1708.12
12408.00,33,113,2842.57
12409.00,79,114,11056.93
12410.00,302,28,681.08
12412.00,75,61,1226.88
12413.00,67,40,694.15
12414.00,218,18,562.41
12415.00,25,776,123725.45
12417.00,4,198,3578.80
12418.00,113,34,668.58
12420.00,64,29,600.39
12421.00,16,46,806.27
12422.00,96,39,803.56
12423.00,1,126,1849.11
12424.00,163,30,1760.96
12425.00,79,36,777.20
12426.00,195,30,582.73
12427.00,12,25,404.87
12428.00,26,300,7877.20
12429.00,10,77,2468.90
12430.00,44,11,256.40
12431.00,36,225,6058.14
12432.00,43,108,5059.32
12433.00,1,273,9588.75
12434.00,85,54,765.19
12435.00,80,36,7829.89
12436.00,100,16,509.01
12437.00,2,200,4896.66
12438.00,15,98,2906.85
12442.00,4,12,172.06
12444.00,22,176,5005.46
12445.00,23,4,133.40
12446.00,58,57,1002.31
12447.00,244,26,476.49
12448.00,45,22,449.45
12449.00,23,191,4067.29
12450.00,157,8,197.88
12451.00,11,355,8933.52
12452.00,17,23,428.57
12453.00,135,43,707.09
12454.00,54,30,0.00
12455.00,74,90,2466.86
12456.00,45,129,3153.89
12457.00,59,67,1917.78
12458.00,72,38,947.40
12461.00,95,35,826.88
12462.00,3,72,1124.01
12463.00,47,88,1303.63
12464.00,11,29,1212.05
12465.00,8,51,733.89
12468.00,144,40,724.04
12471.00,3,530,18757.92
12472.00,31,307,4720.48
12473.00,30,179,2848.23
12474.00,18,456,7150.47
12475.00,54,36,723.38
12476.00,2,264,6546.58
12477.00,23,308,13117.01
12478.00,4,36,680.99
12479.00,4,35,477.30
12480.00,29,154,3281.63
12481.00,23,208,5431.48
12483.00,18,81,2327.13
12484.00,33,350,4495.27
12488.00,10,55,1298.66
12489.00,337,15,334.93
12490.00,6,245,5417.93
12491.00,39,26,460.40
12492.00,64,20,263.21
12493.00,166,23,416.79
12494.00,10,81,1081.75
12497.00,82,14,1043.10
12498.00,22,23,403.70
12500.00,24,65,4206.27
12501.00,316,160,2089.68
12502.00,96,147,3723.87
12503.00,338,1,-1126.00
12504.00,19,15,114.00
12505.00,302,1,-4.50
12506.00,233,23,73.50
12507.00,135,22,1258.06
12508.00,27,69,398.27
12509.00,285,7,176.50
12510.00,143,33,982.57
12512.00,67,34,138.03
12513.00,85,36,586.79
12514.00,268,51,1017.68
12515.00,354,16,383.70
12516.00,78,26,1312.06
12517.00,29,286,2464.89
12518.00,1,124,2056.89
12519.00,64,18,340.84
12520.00,80,155,2582.51
12521.00,143,38,599.68
12522.00,40,12,192.72
12523.00,2,110,1745.57
12524.00,10,144,4485.72
12526.00,1,71,1316.66
12527.00,82,18,348.71
12528.00,10,95,1922.28
12530.00,60,68,1623.63
12531.00,15,17,125.22
12532.00,31,16,349.83
12534.00,131,63,1089.18
12535.00,92,34,716.35
12536.00,8,273,4106.82
12538.00,30,21,363.95
12539.00,23,274,3852.50
12540.00,20,481,13309.04
12541.00,30,52,981.18
12544.00,30,20,355.70
12545.00,76,50,1000.39
12546.00,47,70,1141.50
12547.00,198,8,207.80
12548.00,167,5,95.20
12550.00,80,57,964.83
12551.00,358,10,168.00
12552.00,39,20,437.82
12553.00,9,196,3652.25
12556.00,51,121,603.71
12557.00,17,28,11370.96
12558.00,2,22,0.00
12559.00,311,22,536.21
12560.00,6,111,2101.39
12561.00,303,16,238.85
12562.00,9,168,3781.74
12564.00,262,21,456.90
12565.00,282,10,131.17
12566.00,73,20,346.70
12567.00,23,380,7172.56
12569.00,3,191,4064.99
12571.00,40,34,519.61
12572.00,9,62,1004.72
12573.00,228,28,160.54
12574.00,316,11,218.45
12576.00,36,89,1306.98
12577.00,36,148,595.40
12578.00,22,120,2753.36
12579.00,74,31,410.72
12580.00,247,24,415.70
12581.00,40,15,197.71
12582.00,239,22,511.36
12583.00,3,231,6331.48
12584.00,4,126,1893.95
12585.00,235,97,1982.81
12586.00,18,11,196.94
12587.00,8,4,144.00
12588.00,40,10,214.90
12589.00,29,35,646.68
12590.00,191,70,9861.38
12591.00,318,26,452.85
12592.00,93,18,437.60
12593.00,109,21,418.10
12594.00,38,119,3320.22
12596.00,52,27,618.27
12597.00,20,214,3683.13
12598.00,10,133,3002.68
12599.00,30,62,1032.58
12600.00,29,63,2504.54
12601.00,190,29,569.56
12602.00,59,12,153.12
12603.00,22,2,739.20
12604.00,80,16,254.18
12607.00,59,202,0.00
12609.00,79,60,1126.85
12610.00,23,111,2057.99
12611.00,53,65,1193.32
12612.00,58,21,643.59
12613.00,32,163,3218.98
12614.00,278,20,315.60
12615.00,3,105,2291.19
12616.00,86,36,657.25
12617.00,30,42,355.53
12618.00,22,11,177.31
12619.00,17,95,3214.81
12620.00,15,92,1339.41
12621.00,2,460,13147.46
12622.00,233,11,180.10
12623.00,277,18,305.10
12624.00,107,38,641.13
12625.00,212,91,2614.32
12626.00,24,307,6388.35
12627.00,11,230,4478.53
12628.00,5,43,769.61
12630.00,10,64,1270.88
12631.00,58,31,640.50
12633.00,59,103,2140.63
12635.00,90,101,1689.18
12637.00,68,394,5953.25
12638.00,34,39,671.69
12639.00,239,22,486.10
12640.00,24,53,1174.58
12641.00,116,10,185.90
12642.00,26,47,1013.26
12643.00,129,24,3344.64
12644.00,130,31,477.91
12645.00,34,74,1755.38
12646.00,5,45,1346.97
12647.00,23,92,2701.12
12648.00,155,21,318.05
12649.00,108,31,623.51
12650.00,4,20,314.44
12651.00,335,9,114.00
12652.00,323,51,914.53
12653.00,149,43,2209.85
12654.00,11,38,601.98
12656.00,18,130,3982.72
12657.00,12,56,1152.06
12658.00,19,36,686.05
12659.00,30,5,91.68
12660.00,12,13,245.10
12662.00,1,217,3555.60
12664.00,9,38,4863.88
12665.00,325,4,61.75
12666.00,360,2,-227.44
12667.00,59,33,620.13
12668.00,8,168,3743.18
12669.00,151,102,1607.73
12670.00,11,94,2986.15
12672.00,330,10,225.90
12673.00,6,42,610.52
12674.00,12,91,1919.31
12676.00,25,45,1331.39
12678.00,43,167,17588.26
12679.00,53,56,1058.67
12680.00,1,52,862.81
12681.00,15,605,12644.07
12682.00,4,476,11212.93
12683.00,5,308,7158.01
12684.00,8,105,2283.63
12685.00,29,157,2863.08
12688.00,114,171,4873.81
12689.00,26,72,1247.61
12690.00,206,16,389.01
12691.00,29,32,1035.80
12693.00,121,41,830.96
12694.00,71,37,869.67
12695.00,8,27,582.10
12697.00,22,43,939.02
12700.00,8,270,4867.99
12701.00,80,53,797.71
12702.00,20,12,219.00
12703.00,65,22,274.70
12704.00,8,90,2220.84
12705.00,16,348,6814.24
12707.00,292,33,603.42
12708.00,30,160,2419.88
12709.00,4,250,8771.40
12710.00,97,79,1130.57
12712.00,23,121,3783.75
12713.00,1,38,848.55
12714.00,10,259,4708.86
12715.00,107,21,353.86
12716.00,4,69,1053.49
12717.00,152,56,980.98
12718.00,72,19,238.25
12719.00,6,42,608.10
12720.00,3,329,5239.89
12721.00,32,161,2656.13
12722.00,86,57,904.33
12723.00,4,69,725.07
12724.00,6,53,1031.41
12726.00,29,124,2609.10
12727.00,11,141,3947.70
12728.00,72,46,836.33
12729.00,114,26,453.01
12731.00,24,277,18793.41
12732.00,180,12,236.26
12733.00,235,22,383.95
12734.00,353,4,110.40
12735.00,316,43,779.57
12736.00,333,4,234.00
12739.00,79,38,1013.04
12740.00,64,27,427.60
12743.00,135,134,546.43
12744.00,52,229,9120.39
12747.00,3,96,3837.45
12748.00,1,4270,27078.70
12749.00,4,231,3868.20
12750.00,129,15,275.88
12752.00,82,53,4366.78
12753.00,4,230,21024.01
12754.00,236,65,2949.12
12755.00,250,5,-1591.20
12756.00,87,4,112.08
12757.00,16,377,4227.70
12758.00,117,97,2791.59
12759.00,53,95,1531.44
12762.00,8,69,1898.52
12763.00,139,2,174.00
12764.00,317,45,1693.88
12766.00,4,257,5840.34
12769.00,239,32,1143.60
12770.00,211,12,1351.45
12772.00,60,55,892.47
12775.00,18,67,1351.24
12778.00,20,51,804.23
12779.00,22,151,3620.54
12781.00,22,30,707.72
12782.00,5,107,2273.32
12783.00,3,86,1603.87
12784.00,10,59,574.42
12785.00,3,15,305.71
12787.00,10,20,463.66
12789.00,66,4,91.85
12790.00,193,21,324.92
12792.00,257,25,400.54
12793.00,335,17,413.68
12794.00,54,45,860.41
12795.00,19,14,430.48
12797.00,361,4,-59.85
12798.00,11,8,6977.04
12802.00,184,26,412.58
12808.00,37,21,354.25
12809.00,169,26,484.36
12811.00,261,31,514.85
12812.00,45,15,229.64
12814.00,102,2,125.92
12815.00,148,47,1063.46
12816.00,96,29,572.20
12817.00,282,4,166.04
12818.00,179,16,1517.88
12820.00,4,59,942.34
12821.00,215,6,92.72
12822.00,71,47,918.98
12823.00,75,5,1759.50
12824.00,60,25,397.12
12826.00,3,85,1313.12
12827.00,6,25,430.15
12828.00,3,56,1018.71
12829.00,323,12,253.05
12830.00,38,39,6748.40
12831.00,263,9,215.05
12832.00,33,27,383.03
12833.00,146,24,417.38
12834.00,283,18,312.38
12836.00,60,175,2612.86
12837.00,174,12,134.10
12838.00,34,64,292.34
12839.00,3,294,5181.01
12840.00,144,116,2714.27
12841.00,5,392,3370.41
12842.00,71,34,1118.99
12843.00,66,108,1680.76
12844.00,30,52,325.96
12845.00,268,27,354.09
12847.00,23,91,871.54
12849.00,32,51,1050.89
12851.00,97,50,135.18
12852.00,291,20,299.75
12853.00,108,84,1881.70
12854.00,79,115,1289.15
12856.00,8,317,2162.68
12857.00,211,46,1106.40
12863.00,53,6,504.20
12864.00,139,3,147.12
12865.00,27,96,1548.07
12866.00,284,26,559.12
12867.00,27,551,3986.22
12868.00,186,95,1403.76
12871.00,85,11,380.64
12872.00,327,28,221.44
12873.00,283,4,374.00
12875.00,144,2,343.23
12876.00,58,85,2218.02
12877.00,4,154,1535.77
12878.00,19,49,841.64
12879.00,45,12,552.57
12881.00,276,7,298.00
12882.00,10,13,1463.04
12883.00,25,42,703.47
12884.00,89,7,309.05
12885.00,64,72,1158.27
12886.00,68,86,1351.09
12888.00,215,7,313.77
12890.00,25,82,380.47
12891.00,186,3,331.00
12893.00,31,34,188.14
12895.00,43,24,347.30
12897.00,205,4,216.50
12901.00,9,125,16293.10
12902.00,265,10,138.68
12904.00,19,72,509.58
12906.00,12,63,2919.81
12908.00,59,4,246.00
12909.00,40,96,2128.83
12910.00,24,75,3075.04
12912.00,3,24,1662.30
12913.00,5,46,2066.01
12915.00,149,9,164.00
12916.00,139,109,2982.35
12917.00,129,2,594.00
12919.00,9,52,1301.44
12920.00,18,28,164.23
12921.00,4,706,15701.94
12922.00,162,28,405.38
12923.00,65,29,176.97
12924.00,89,31,929.95
12925.00,5,45,694.05
12928.00,36,84,2062.70
12929.00,123,9,105.10
12930.00,79,27,409.90
12931.00,22,102,33462.81
12933.00,25,107,606.28
12935.00,3,130,2156.45
12936.00,18,63,1012.90
12937.00,16,120,1504.27
12938.00,26,9,114.14
12939.00,65,47,11581.80
12940.00,47,103,876.29
12942.00,132,59,425.15
12943.00,302,1,-3.75
12944.00,36,30,604.51
12945.00,289,23,462.95
12947.00,144,86,1103.25
12948.00,17,118,2053.70
12949.00,31,219,4143.02
12950.00,3,23,1843.00
12951.00,9,65,1042.07
12952.00,6,80,1382.84
12953.00,10,17,329.85
12955.00,2,183,4734.26
12956.00,307,19,108.07
12957.00,5,244,3979.04
12962.00,8,16,266.39
12963.00,9,80,1475.23
12965.00,90,109,771.91
12966.00,10,10,160.18
12967.00,4,18,-173.65
12968.00,113,5,135.95
12970.00,8,151,452.24
12971.00,4,290,10662.07
12974.00,198,8,144.80
12976.00,212,22,738.60
12977.00,157,9,39.24
12980.00,156,24,7092.06
12981.00,30,20,372.22
12982.00,240,34,377.20
12984.00,19,4,97.50
12985.00,1,78,1215.62
12987.00,74,30,545.00
12988.00,293,92,535.32
12989.00,4,68,6854.51
12990.00,32,13,409.50
12991.00,24,31,503.76
12993.00,24,27,414.76
12994.00,5,73,902.22
12995.00,78,5,200.72
12997.00,23,67,1197.94
12999.00,197,28,455.88
13000.00,107,31,534.85
13001.00,5,342,9797.92
13002.00,319,7,120.95
13003.00,106,6,149.05
13004.00,12,409,5613.43
13005.00,174,29,468.95
13006.00,57,4,81.57
13008.00,324,15,178.47
13012.00,10,107,1311.62
13013.00,2,155,3258.65
13014.00,3,123,3365.43
13015.00,54,176,3346.28
13016.00,74,47,789.89
13017.00,8,1,204.00
13018.00,17,459,7272.75
13021.00,5,133,2604.68
13023.00,65,40,689.90
13026.00,2,43,936.15
13027.00,114,26,6912.00
13028.00,23,47,659.68
13029.00,31,10,1247.50
13030.00,12,39,371.74
13032.00,39,75,996.52
13033.00,358,11,190.55
13034.00,55,26,476.91
13035.00,58,30,886.63
13037.00,139,48,881.07
13038.00,81,28,908.46
13040.00,9,43,676.99
13043.00,254,14,471.57
13044.00,292,33,560.47
13045.00,100,18,305.28
13046.00,31,35,629.31
13047.00,32,179,2712.47
13048.00,15,137,1805.91
13049.00,65,14,656.68
13050.00,10,404,5356.60
13052.00,213,18,348.15
13055.00,65,78,1201.96
13058.00,25,8,271.40
13059.00,250,8,183.40
13060.00,254,15,307.53
13061.00,73,10,248.61
13062.00,192,11,346.98
13064.00,13,69,1119.49
13066.00,25,49,430.90
13067.00,83,15,115.46
13068.00,11,2,344.00
13069.00,1,427,3385.32
13070.00,193,9,228.80
13072.00,267,7,177.15
13075.00,130,22,919.61
13077.00,2,98,415.55
13078.00,2,370,11917.89
13079.00,5,6,220.10
13080.00,180,6,58.08
13081.00,2,983,25597.70
13082.00,127,75,3595.48
13083.00,5,18,303.75
13085.00,158,29,272.38
13089.00,3,1816,54155.26
13090.00,9,153,7680.99
13091.00,22,24,319.82
13092.00,71,26,459.83
13093.00,268,157,6942.07
13094.00,22,27,1485.18
13095.00,71,6,74.40
13097.00,33,437,5893.32
13098.00,2,605,28658.88
13099.00,100,1,207.36
13101.00,235,8,101.19
13102.00,2,299,6019.47
13103.00,40,8,243.94
13104.00,4,20,1098.48
13106.00,129,2,59.50
13107.00,45,60,1524.07
13109.00,3,50,766.84
13110.00,32,146,1452.87
13113.00,1,266,10168.88
13115.00,9,131,2210.63
13116.00,118,31,485.19
13117.00,22,50,596.76
13118.00,20,82,1125.00
13120.00,239,1,30.60
13121.00,270,53,254.73
13122.00,95,55,922.39
13124.00,90,235,3866.33
13126.00,5,129,1832.85
13127.00,78,15,259.17
13130.00,95,2,64.00
13131.00,24,46,1039.30
13132.00,262,3,77.30
13133.00,274,7,109.80
13134.00,73,105,1740.63
13135.00,197,1,3096.00
13136.00,51,136,2565.48
13137.00,11,705,3605.08
13138.00,23,49,769.16
13139.00,17,174,5055.79
13140.00,109,30,264.21
13141.00,85,136,2385.80
13142.00,20,23,307.09
13144.00,333,3,110.95
13145.00,40,6,319.77
13146.00,27,17,228.91
13147.00,11,4,712.80
13148.00,30,347,3348.48
13149.00,15,86,1676.06
13151.00,204,75,1250.37
13153.00,6,15,486.22
13154.00,145,1,-611.86
13155.00,34,33,592.06
13157.00,50,89,1721.57
13158.00,95,79,1201.06
13159.00,9,122,1379.75
13160.00,23,4,91.80
13161.00,314,8,112.75
13162.00,123,82,1644.99
13165.00,47,42,1021.48
13166.00,283,42,414.70
13167.00,19,65,791.33
13168.00,37,133,1310.14
13169.00,64,13,712.88
13170.00,27,32,116.01
13171.00,9,48,426.81
13173.00,5,20,187.71
13174.00,17,145,1401.06
13176.00,47,72,492.84
13177.00,65,17,282.45
13178.00,27,265,5725.47
13182.00,46,11,121.18
13183.00,8,94,3957.78
13184.00,15,183,1648.79
13185.00,268,1,71.40
13186.00,40,84,1539.69
13187.00,338,37,236.02
13188.00,12,2,114.60
13189.00,19,29,260.68
13192.00,96,63,911.94
13193.00,62,29,117.88
13194.00,136,3,60.70
13196.00,12,110,1797.78
13198.00,11,229,3384.09
13199.00,4,116,9335.28
13200.00,20,46,870.09
13203.00,10,57,869.46
13207.00,16,8,250.26
13208.00,59,150,1205.90
13209.00,31,329,5820.16
13210.00,94,22,353.48
13211.00,11,56,1197.42
13212.00,10,143,780.58
13213.00,57,92,1518.43
13216.00,268,5,333.74
13217.00,123,7,133.62
13218.00,128,5,62.64
13220.00,79,21,819.29
13221.00,241,66,847.41
13223.00,201,5,163.20
13224.00,61,109,2150.85
13225.00,4,34,6083.04
13226.00,274,16,108.21
13227.00,202,9,257.70
13228.00,82,2,358.00
13229.00,226,10,160.95
13230.00,5,599,2669.96
13232.00,13,207,1357.60
13233.00,75,43,605.12
13235.00,212,59,101.17
13236.00,25,39,727.27
13238.00,12,32,680.83
13239.00,262,21,329.56
13240.00,97,46,439.58
13242.00,113,13,270.40
13243.00,204,58,600.07
13244.00,93,27,121.74
13245.00,51,16,430.50
13246.00,19,143,1922.10
13247.00,18,25,501.12
13248.00,125,26,465.68
13249.00,93,23,711.41
13253.00,157,36,1030.40
13255.00,4,8,164.96
13258.00,12,38,698.58
13259.00,62,87,292.32
13260.00,62,8,557.62
13261.00,269,9,944.10
13262.00,264,11,200.29
13263.00,2,1677,7454.07
13265.00,54,91,2107.66
13266.00,12,202,3717.67
13267.00,3,206,4089.89
13268.00,18,447,3167.64
13269.00,2,308,4964.49
13271.00,38,101,178.26
13272.00,32,15,276.56
13273.00,114,16,138.98
13276.00,64,30,590.93
13277.00,16,8,258.40
13278.00,41,46,542.73
13279.00,65,11,126.30
13280.00,123,85,814.86
13282.00,19,40,1047.84
13283.00,60,7,93.66
13284.00,323,14,196.15
13285.00,24,187,2709.12
13291.00,156,42,361.11
13292.00,39,31,578.94
13294.00,190,54,873.74
13295.00,360,10,201.20
13296.00,138,5,87.40
13297.00,8,59,2089.85
13298.00,2,2,360.00
13299.00,269,5,142.50
13300.00,165,22,365.29
13301.00,104,81,618.09
13302.00,156,1,63.75
13304.00,352,21,300.42
13305.00,5,76,1864.66
13307.00,121,1,15.00
13308.00,23,57,1367.61
13309.00,8,107,1456.79
13310.00,9,77,1083.63
13311.00,5,26,598.57
13313.00,23,78,1555.32
13314.00,2,75,578.66
13316.00,38,88,5815.49
13317.00,65,135,2140.07
13318.00,2,20,640.76
13319.00,6,465,9933.21
13320.00,71,110,1491.70
13321.00,73,11,567.36
13322.00,18,25,199.48
13323.00,4,21,787.85
13324.00,33,77,7072.80
13325.00,82,12,675.30
13327.00,39,88,2872.57
13328.00,317,17,1308.48
13329.00,32,12,436.20
13330.00,93,53,1140.93
13332.00,15,21,350.90
13334.00,83,268,3536.82
13336.00,78,51,795.12
13338.00,155,24,431.82
13339.00,201,54,860.12
13340.00,46,134,10736.48
13341.00,261,42,775.85
13343.00,173,22,303.93
13344.00,68,119,2543.72
13345.00,277,22,377.60
13347.00,71,8,341.36
13348.00,65,14,233.76
13349.00,11,16,247.32
13350.00,17,43,910.72
13351.00,67,16,373.94
13352.00,8,27,389.28
13354.00,72,51,743.53
13355.00,123,32,674.70
13356.00,81,42,768.24
13357.00,258,90,609.95
13358.00,269,29,439.03
13359.00,60,24,431.26
13362.00,4,169,3085.49
13363.00,18,60,992.50
13364.00,67,20,0.00
13365.00,9,132,2191.22
13366.00,51,1,56.16
13368.00,257,29,623.40
13369.00,355,5,-44.53
13372.00,90,23,378.64
13373.00,61,158,3312.25
13375.00,82,38,772.90
13376.00,100,53,1019.76
13379.00,27,97,572.56
13381.00,22,173,3626.81
13382.00,281,15,222.99
13384.00,31,155,4122.28
13385.00,330,35,534.57
13388.00,122,36,627.15
13389.00,12,51,797.96
13390.00,75,13,544.08
13391.00,204,1,59.80
13394.00,2,164,2312.80
13395.00,186,21,307.72
13396.00,22,47,1325.29
13397.00,73,39,1539.18
13398.00,193,26,457.34
13402.00,128,22,312.95
13403.00,18,3,75.00
13404.00,2,11,252.49
13405.00,75,27,572.45
13408.00,2,486,25949.58
13410.00,9,30,988.91
13411.00,108,18,213.55
13414.00,134,24,1390.50
13416.00,44,19,712.50
13417.00,5,28,640.83
13418.00,12,291,5222.20
13419.00,64,16,221.06
13420.00,135,10,140.35
13421.00,41,105,1848.98
13422.00,52,128,2601.55
13425.00,109,78,1624.21
13426.00,1,159,3550.70
13427.00,20,29,582.60
13428.00,11,74,218.47
13429.00,11,67,1006.80
13430.00,19,54,648.69
13431.00,68,46,1269.10
13434.00,75,10,534.24
13435.00,6,103,3794.49
13436.00,2,12,196.89
13437.00,15,167,3408.06
13439.00,256,54,283.71
13441.00,92,13,296.64
13447.00,24,62,1104.23
13448.00,17,181,3021.71
13449.00,24,19,291.88
13450.00,27,71,2043.72
13451.00,27,444,2916.45
13452.00,260,2,590.00
13453.00,166,17,356.98
13455.00,25,23,314.41
13456.00,18,65,1737.82
13458.00,8,394,9537.92
13460.00,30,17,183.44
13461.00,39,27,1445.00
13462.00,184,10,143.25
13464.00,59,41,674.68
13466.00,101,18,297.95
13467.00,11,99,1083.71
13468.00,2,272,5074.52
13470.00,100,10,165.00
13471.00,2,260,2531.58
13473.00,61,22,417.54
13474.00,237,64,229.59
13475.00,192,86,1431.78
13476.00,179,61,1092.77
13477.00,38,81,1441.53
13479.00,199,16,291.00
13481.00,46,111,1781.06
13482.00,233,11,184.64
13483.00,66,10,140.34
13484.00,242,8,313.80
13485.00,234,23,454.24
13486.00,79,69,1122.41
13487.00,58,34,575.40
13488.00,18,382,7528.69
13489.00,106,14,449.52
13491.00,52,79,1116.92
13492.00,137,50,1269.84
13493.00,276,8,618.63
13494.00,312,18,316.26
13495.00,8,34,1533.92
13496.00,11,36,617.93
13497.00,283,10,194.55
13499.00,18,45,1146.96
13500.00,24,67,1136.77
13501.00,243,53,1310.47
13502.00,17,18,292.00
13503.00,72,17,216.85
13504.00,65,22,295.93
13505.00,68,227,4282.88
13506.00,313,12,151.70
13507.00,4,162,2479.16
13508.00,244,12,110.97
13509.00,9,44,979.72
13510.00,2,117,1785.16
13512.00,261,15,251.21
13513.00,127,10,205.10
13514.00,74,4,152.20
13515.00,73,59,891.12
13516.00,22,44,1389.41
13517.00,60,143,2109.07
13518.00,86,38,659.44
13519.00,51,9,110.80
13520.00,59,89,3184.35
13521.00,2,436,1093.65
13522.00,31,5,125.80
13523.00,34,147,3188.43
13524.00,41,27,680.18
13525.00,15,6,628.78
13527.00,34,224,2263.76
13529.00,79,15,307.76
13531.00,206,7,178.35
13532.00,34,66,210.31
13533.00,183,76,270.79
13534.00,3,342,5613.08
13536.00,2,179,3448.29
13538.00,44,25,1280.85
13539.00,86,38,605.84
13544.00,40,87,291.41
13546.00,13,98,626.99
13548.00,97,124,682.41
13549.00,26,52,916.12
13551.00,320,4,91.80
13552.00,67,121,3539.53
13555.00,74,136,4149.28
13557.00,29,34,584.06
13558.00,6,175,605.06
13560.00,8,33,174.37
13561.00,216,14,141.86
13562.00,82,82,1799.33
13563.00,85,49,777.53
13564.00,145,44,107.74
13565.00,20,38,240.22
13566.00,41,176,874.71
13568.00,174,44,192.85
13569.00,18,61,255.43
13570.00,244,27,239.49
13571.00,13,341,2092.32
13572.00,206,33,1384.25
13573.00,51,26,294.40
13575.00,24,46,732.07
13576.00,11,119,6354.15
13577.00,26,85,1658.30
13579.00,15,14,302.34
13581.00,310,10,118.00
13583.00,156,53,781.03
13584.00,307,24,142.40
13587.00,32,11,347.00
13588.00,16,180,2445.12
13589.00,15,21,379.65
13590.00,12,89,1976.12
13591.00,65,58,1117.13
13592.00,36,16,247.96
13593.00,109,129,1990.28
13594.00,53,26,396.97
13596.00,6,166,697.04
13598.00,48,41,167.42
13599.00,2,247,4677.76
13600.00,313,19,219.52
13601.00,46,99,693.32
13602.00,65,23,428.89
13603.00,27,27,164.34
13606.00,30,43,280.54
13607.00,41,98,678.01
13610.00,13,228,1115.43
13611.00,90,76,1158.20
13614.00,25,201,1610.46
13615.00,313,24,399.99
13617.00,41,44,544.18
13618.00,174,13,177.34
13621.00,117,19,213.85
13623.00,31,86,672.44
13626.00,253,19,257.23
13627.00,60,94,1624.02
13629.00,24,59,7792.36
13630.00,6,80,1995.68
13631.00,100,12,3021.77
13632.00,25,147,2117.02
13634.00,34,188,1575.16
13635.00,68,62,1071.03
13636.00,37,64,941.62
13637.00,53,101,810.50
13638.00,16,8,122.64
13639.00,75,40,1033.34
13642.00,216,66,354.80
13643.00,32,28,519.44
13644.00,9,148,2597.52
13645.00,121,5,252.10
13647.00,10,80,1670.22
13649.00,257,8,148.80
13650.00,17,98,1809.34
13651.00,36,6,94.20
13652.00,46,45,786.28
13654.00,44,166,2707.33
13655.00,115,56,932.97
13656.00,165,49,379.65
13657.00,11,16,382.14
13658.00,10,112,2421.47
13659.00,198,108,1550.85
13662.00,86,58,879.08
13663.00,180,13,189.47
13666.00,61,12,84.65
13667.00,150,87,305.02
13668.00,3,501,6216.07
13669.00,51,9,218.55
13670.00,76,25,349.70
13672.00,302,16,-71.46
13673.00,19,65,396.92
13675.00,152,25,486.82
13678.00,152,16,232.60
13680.00,2,216,2202.31
13681.00,18,57,827.83
13682.00,188,3,59.50
13684.00,286,31,64.23
13685.00,3,39,3119.44
13686.00,183,8,72.00
13689.00,64,6,910.00
13690.00,60,9,172.25
13692.00,25,55,1466.87
13693.00,326,4,-32.00
13694.00,4,579,61810.98
13695.00,32,90,2504.13
13697.00,39,12,151.30
13699.00,156,14,308.58
13700.00,27,197,2265.12
13703.00,319,1,99.50
13704.00,6,135,2295.31
13705.00,8,18,393.72
13706.00,303,20,330.79
13707.00,268,48,806.41
13708.00,272,51,296.88
13709.00,4,346,6249.11
13710.00,32,8,180.48
13711.00,219,13,252.06
13712.00,247,10,228.84
13715.00,282,93,781.29
13716.00,270,21,138.28
13717.00,33,103,1432.26
13718.00,247,12,306.55
13719.00,16,60,1041.68
13720.00,117,43,799.90
13721.00,37,28,524.14
13722.00,121,86,2369.16
13723.00,218,6,199.85
13725.00,50,118,1809.81
13726.00,39,42,1079.66
13727.00,29,20,333.48
13728.00,37,63,1016.14
13730.00,136,43,752.60
13731.00,220,38,610.59
13732.00,29,33,491.86
13735.00,25,208,2766.18
13736.00,6,194,724.00
13737.00,201,30,339.60
13739.00,19,3,216.90
13740.00,241,23,350.75
13741.00,72,35,666.33
13742.00,17,323,3102.42
13743.00,3,42,1340.15
13744.00,96,72,1156.36
13745.00,152,26,291.54
13748.00,96,27,744.25
13750.00,54,24,1647.26
13751.00,289,9,296.25
13752.00,125,76,1186.28
13753.00,288,35,741.26
13754.00,152,12,282.60
13755.00,4,343,2154.68
13756.00,3,141,4612.32
13758.00,12,93,2471.70
13759.00,34,25,659.41
13760.00,55,57,286.79
13761.00,51,70,1070.65
13762.00,205,14,0.00
13763.00,64,17,1689.46
13764.00,71,208,1521.76
13767.00,3,367,15310.85
13769.00,3,133,2449.57
13771.00,65,120,2631.70
13772.00,34,177,1132.13
13774.00,82,22,345.00
13777.00,1,183,18950.19
13778.00,104,9,178.70
13780.00,8,57,360.01
13781.00,251,17,127.84
13782.00,13,115,912.00
13784.00,10,31,2462.79
13787.00,76,31,309.04
13790.00,5,45,348.80
13791.00,44,17,1047.68
13792.00,67,13,195.55
13798.00,2,438,35943.42
13799.00,117,39,688.86
13800.00,310,33,558.32
13801.00,67,23,324.80
13802.00,139,66,3906.27
13803.00,256,17,277.07
13804.00,31,137,2635.79
13805.00,53,13,924.60
13806.00,64,10,256.38
13808.00,6,76,1747.66
13809.00,306,12,155.05
13810.00,29,36,899.51
13811.00,184,14,591.75
13812.00,43,36,539.00
13813.00,40,71,1353.41
13814.00,57,58,1562.12
13815.00,23,177,4014.91
13816.00,24,33,555.04
13817.00,30,24,382.98
13819.00,302,36,1140.35
13821.00,145,59,385.64
13822.00,6,96,632.00
13823.00,19,40,957.66
13824.00,33,46,1698.94
13826.00,159,12,174.65
13827.00,58,93,412.05
13828.00,23,15,209.49
13829.00,360,1,-102.00
13831.00,17,72,1794.99
13832.00,18,4,40.95
13833.00,160,29,384.80
13835.00,26,55,834.57
13837.00,212,19,271.24
13838.00,6,122,453.62
13841.00,253,1,85.00
13842.00,59,186,3075.05
13844.00,12,20,361.62
13845.00,65,9,312.98
13846.00,25,58,847.61
13848.00,93,4,935.00
13849.00,52,101,1537.95
13850.00,89,94,1586.81
13851.00,96,81,2651.46
13853.00,9,24,1056.94
13854.00,9,111,7715.62
13856.00,169,17,363.40
13858.00,58,11,216.17
13859.00,327,28,201.16
13860.00,2,77,1240.00
13862.00,19,142,2187.31
13863.00,246,22,299.56
13865.00,59,30,501.56
13866.00,75,7,145.67
13867.00,32,61,1015.29
13868.00,8,33,3192.54
13869.00,124,307,3104.95
13870.00,3,118,2751.25
13871.00,23,338,6389.80
13873.00,120,24,381.70
13874.00,359,18,540.45
13875.00,54,104,1786.79
13876.00,64,7,122.70
13877.00,87,3,117.24
13878.00,55,36,1281.53
13880.00,22,159,3121.97
13881.00,4,180,16989.52
13882.00,3,66,1131.28
13883.00,2,155,2538.75
13884.00,8,60,781.30
13885.00,190,28,506.80
13886.00,72,16,243.56
13887.00,205,19,349.55
13888.00,120,40,605.63
13889.00,93,15,416.90
13890.00,2,114,1860.86
13892.00,27,27,632.97
13893.00,298,21,821.10
13894.00,23,30,535.97
13895.00,22,119,2588.12
13897.00,51,17,311.16
13898.00,326,12,155.93
13899.00,17,19,388.52
13900.00,184,43,740.95
13901.00,73,149,2867.20
13904.00,38,26,332.64
13908.00,80,126,2347.05
13911.00,58,148,2580.91
13914.00,4,34,613.95
13917.00,50,18,272.04
13918.00,50,30,1212.84
13919.00,54,33,350.16
13922.00,352,7,172.25
13923.00,54,20,351.13
13924.00,2,137,1682.08
13925.00,37,45,616.65
13926.00,24,11,223.85
13927.00,75,21,348.99
13928.00,11,27,464.57
13929.00,170,10,802.85
13930.00,58,17,337.34
13931.00,86,59,1230.93
13932.00,295,16,307.40
13933.00,110,23,608.79
13934.00,264,31,922.10
13936.00,172,27,361.28
13937.00,170,9,158.85
13938.00,36,7,71.66
13939.00,24,46,556.75
13940.00,18,49,839.14
13941.00,22,35,3892.89
13946.00,80,11,561.57
13947.00,66,5,90.60
13948.00,361,3,102.00
13949.00,3,160,2427.32
13950.00,12,36,728.56
13951.00,177,39,674.45
13952.00,212,138,3246.09
13953.00,8,20,3515.68
13954.00,2,30,378.59
13955.00,155,33,322.96
13956.00,6,152,1026.42
13959.00,80,92,598.20
13960.00,22,12,230.22
13962.00,22,11,169.55
13963.00,309,28,513.24
13967.00,146,2,80.70
13969.00,8,608,8669.10
13971.00,9,158,2702.22
13972.00,71,15,190.25
13973.00,288,11,264.70
13974.00,50,28,413.59
13975.00,32,340,2503.23
13976.00,207,10,357.98
13978.00,15,15,196.79
13979.00,74,54,869.87
13980.00,61,11,200.14
13982.00,40,92,1432.51
13983.00,30,97,2261.10
13984.00,27,12,333.23
13985.00,5,351,7024.53
13986.00,18,13,320.46
13988.00,20,239,4098.80
13989.00,66,41,1266.08
13990.00,214,16,311.30
13991.00,13,86,850.63
13992.00,31,5,76.80
13993.00,33,125,3409.66
13994.00,4,155,2313.14
13995.00,16,87,1383.49
13999.00,11,212,3865.26
14000.00,207,16,633.71
14001.00,46,31,1729.09
14002.00,135,47,529.73
14004.00,44,171,4582.64
14005.00,10,84,2874.72
14006.00,116,30,962.19
14009.00,199,44,685.93
14012.00,278,11,328.80
14013.00,111,34,473.02
14014.00,78,39,505.18
14015.00,53,20,917.34
14016.00,155,162,4328.46
14019.00,47,68,1398.96
14020.00,17,39,642.80
14021.00,156,22,631.90
14022.00,226,28,440.00
14023.00,8,31,584.07
14024.00,122,16,327.70
14027.00,61,6,104.82
14029.00,64,15,467.66
14030.00,19,216,1683.59
14031.00,8,229,12736.52
14032.00,3,138,2625.98
14034.00,23,92,512.02
14035.00,29,66,1428.02
14036.00,285,38,626.65
14037.00,177,28,147.20
14038.00,79,93,1554.48
14039.00,34,6,152.20
14040.00,41,241,3542.19
14041.00,267,21,141.41
14044.00,27,209,652.82
14045.00,110,5,1333.35
14046.00,285,14,154.99
14047.00,9,21,1012.39
14048.00,278,88,375.13
14049.00,17,505,5639.15
14050.00,32,54,746.36
14051.00,1,201,14853.92
14052.00,20,56,225.36
14053.00,125,4,260.25
14054.00,66,6,92.46
14055.00,107,10,725.64
14056.00,2,1128,8124.40
14057.00,24,291,6147.40
14059.00,267,8,183.60
14060.00,5,191,5514.54
14062.00,10,111,10464.85
14064.00,30,82,1188.32
14066.00,267,7,152.55
14067.00,64,52,374.70
14068.00,321,24,265.85
14071.00,4,333,1307.41
14073.00,22,14,139.54
14075.00,5,43,942.26
14076.00,130,46,122.47
14077.00,41,42,499.42
14078.00,102,52,913.13
14079.00,125,12,375.10
14080.00,33,4,45.60
14081.00,268,87,481.15
14082.00,365,29,182.25
14083.00,5,115,708.89
14085.00,3,439,4127.74
14087.00,3,70,181.67
14088.00,11,590,50415.49
14089.00,57,14,161.00
14090.00,325,1,76.32
14092.00,8,216,4069.00
14093.00,13,105,442.85
14096.00,5,5128,57120.91
14098.00,37,21,147.35
14099.00,17,252,3092.97
14100.00,138,26,194.90
14101.00,74,35,5976.79
14102.00,6,84,1314.73
14104.00,155,21,216.21
14105.00,86,76,1260.33
14107.00,52,124,2688.48
14108.00,31,35,594.16
14109.00,24,14,80.20
14110.00,4,156,5669.65
14111.00,15,11,688.60
14112.00,23,173,2774.17
14113.00,4,40,1377.92
14114.00,274,15,386.53
14116.00,20,72,1382.74
14117.00,144,3,90.00
14119.00,355,1,-19.90
14121.00,4,161,2740.30
14124.00,85,5,419.58
14125.00,11,167,2740.43
14126.00,8,16,643.63
14127.00,123,44,709.71
14128.00,61,46,637.50
14129.00,2,52,1123.86
14130.00,320,67,483.86
14132.00,3,201,3580.13
14133.00,130,30,590.34
14135.00,2,97,3886.06
14138.00,2,47,982.38
14139.00,47,26,415.82
14140.00,4,67,920.05
14141.00,3,46,879.03
14143.00,134,7,115.80
14145.00,47,12,3148.20
14146.00,9,245,2949.57
14147.00,50,6,468.40
14148.00,234,3,157.20
14149.00,213,40,259.43
14150.00,36,26,658.64
14152.00,76,50,611.09
14154.00,240,52,1345.62
14155.00,267,6,118.75
14156.00,10,1415,113069.44
14157.00,20,49,400.43
14158.00,41,41,507.66
14159.00,20,1212,4678.30
14161.00,216,82,827.37
14162.00,174,25,289.36
14163.00,88,52,2445.91
14164.00,71,29,1631.77
14165.00,276,25,122.54
14167.00,40,52,574.84
14171.00,99,58,363.79
14173.00,11,29,450.84
14174.00,34,26,134.46
14175.00,52,164,3108.06
14176.00,298,23,414.45
14177.00,85,43,554.46
14178.00,9,327,1620.93
14179.00,41,165,719.78
14180.00,11,236,4439.02
14184.00,67,24,452.89
14185.00,332,3,197.65
14188.00,9,71,2018.91
14189.00,3,268,4293.07
14191.00,2,263,4660.01
14193.00,68,42,853.39
14194.00,5,604,11216.75
14195.00,202,8,962.70
14196.00,107,6,335.52
14198.00,5,44,663.50
14199.00,219,2,185.40
14201.00,61,39,688.04
14204.00,3,44,161.03
14205.00,11,25,456.98
14206.00,240,21,308.26
14208.00,95,10,151.74
14209.00,11,88,2067.13
14210.00,92,88,1595.94
14211.00,54,118,2208.30
14212.00,90,9,1070.48
14214.00,31,70,1000.23
14215.00,12,103,1611.92
14216.00,4,59,1839.30
14217.00,2,99,1824.01
14218.00,43,12,169.48
14219.00,5,7,89.94
14220.00,248,21,632.40
14221.00,43,194,3427.85
14222.00,178,41,683.17
14223.00,93,61,975.23
14224.00,111,118,1050.12
14226.00,29,73,2201.64
14227.00,27,183,3315.71
14229.00,52,43,1450.60
14231.00,180,54,822.06
14232.00,32,118,2043.93
14233.00,44,36,1447.51
14234.00,23,159,775.46
14235.00,11,80,3093.86
14236.00,81,12,301.56
14238.00,327,8,146.85
14239.00,44,116,2323.50
14240.00,31,42,890.34
14241.00,184,10,213.70
14242.00,235,16,280.55
14243.00,9,140,2322.58
14245.00,177,112,1677.48
14246.00,111,75,1474.06
14247.00,279,20,136.77
14248.00,319,8,302.58
14250.00,8,111,1904.05
14251.00,2,78,2879.70
14256.00,255,54,935.06
14257.00,52,107,3087.27
14258.00,10,112,12650.08
14259.00,142,5,120.00
14261.00,51,52,1163.45
14262.00,9,143,2618.23
14264.00,155,17,333.97
14265.00,110,31,530.18
14267.00,151,66,1279.09
14270.00,332,29,492.65
14271.00,226,10,112.32
14272.00,74,33,437.96
14273.00,52,29,559.97
14276.00,89,75,1019.39
14277.00,16,228,3957.00
14280.00,197,8,134.04
14282.00,4,143,3158.34
14284.00,31,34,578.45
14285.00,22,27,1910.01
14286.00,24,285,4595.81
14287.00,9,11,151.23
14288.00,213,17,413.85
14289.00,9,47,911.26
14290.00,12,103,2307.45
14291.00,2,238,3873.30
14292.00,8,108,4819.33
14293.00,4,46,681.64
14295.00,41,7,154.70
14297.00,18,64,1284.06
14298.00,4,1640,50862.44
14299.00,9,155,2635.11
14300.00,19,3,43.20
14301.00,108,16,632.04
14304.00,223,27,197.10
14305.00,72,110,1803.76
14306.00,52,35,2083.42
14307.00,89,132,2212.61
14309.00,9,123,2319.68
14311.00,226,27,229.71
14312.00,47,87,1611.59
14314.00,107,8,120.00
14315.00,22,104,2456.98
14317.00,65,24,508.58
14320.00,207,42,343.11
14321.00,11,123,1530.75
14323.00,115,41,574.26
14326.00,235,9,166.85
14327.00,164,12,311.65
14329.00,9,269,4928.74
14331.00,125,28,462.66
14332.00,23,26,866.31
14333.00,65,19,351.45
14334.00,17,163,2539.46
14335.00,17,63,468.26
14336.00,17,90,1614.91
14338.00,159,34,554.22
14339.00,235,18,289.91
14340.00,219,6,134.70
14341.00,46,130,2166.38
14342.00,22,24,607.71
14344.00,128,58,549.28
14345.00,39,6,108.98
14346.00,121,60,1021.58
14348.00,261,18,409.57
14349.00,11,31,133.50
14350.00,271,21,258.70
14351.00,165,1,51.00
14352.00,158,47,1078.96
14353.00,216,6,90.60
14354.00,6,9,163.62
14356.00,61,38,666.94
14357.00,44,41,225.77
14359.00,20,58,882.58
14360.00,32,118,2128.23
14362.00,23,41,161.20
14364.00,109,69,3717.35
14367.00,9,533,9167.82
14368.00,320,8,155.00
14371.00,296,4,100.50
14373.00,359,4,76.55
14375.00,186,75,257.68
14377.00,192,11,617.05
14379.00,45,46,348.10
14381.00,53,56,202.68
14382.00,27,131,626.07
14383.00,39,59,1247.69
14385.00,10,14,202.11
14386.00,297,7,142.40
14387.00,33,140,1770.56
14388.00,9,168,2872.69
14389.00,9,62,999.72
14390.00,11,263,4374.72
14393.00,219,5,67.95
14395.00,3,326,3163.23
14396.00,66,39,377.64
14397.00,1,95,2556.68
14400.00,142,26,559.70
14401.00,5,183,4039.98
14403.00,131,26,1426.31
14404.00,34,78,1301.24
14406.00,120,8,156.75
14407.00,108,76,2111.08
14408.00,11,107,2606.53
14409.00,72,52,1730.65
14410.00,16,286,576.30
14411.00,311,14,1063.00
14412.00,36,45,761.33
14413.00,363,23,122.70
14414.00,92,98,1485.13
14415.00,2,612,5811.56
14416.00,23,14,490.22
14418.00,4,124,1937.25
14419.00,11,206,1058.06
14420.00,86,30,385.87
14421.00,58,27,813.11
14422.00,1,222,4263.64
14423.00,219,3,265.20
14424.00,18,1,322.08
14426.00,19,264,3918.90
14427.00,51,17,363.34
14428.00,8,148,1230.14
14431.00,299,22,397.76
14432.00,10,382,2255.51
14434.00,22,12,1372.80
14436.00,99,9,89.06
14437.00,144,1,-106.40
14438.00,307,9,131.90
14439.00,320,32,2661.24
14440.00,9,42,1700.98
14441.00,1,58,1553.64
14442.00,2,68,1544.62
14443.00,54,75,1112.95
14446.00,1,293,1039.58
14447.00,19,70,1163.23
14448.00,10,20,375.35
14449.00,19,208,696.86
14450.00,181,40,483.25
14451.00,61,109,662.59
14452.00,11,62,264.44
14453.00,191,22,119.93
14456.00,6,977,3047.63
14457.00,311,4,113.64
14459.00,156,37,1837.92
14460.00,111,17,383.34
14461.00,149,180,2103.06
14462.00,64,246,1965.90
14463.00,99,6,529.62
14465.00,247,130,1058.62
14466.00,30,62,1892.65
14467.00,18,90,598.76
14470.00,12,43,461.19
14472.00,104,281,1936.84
14473.00,75,7,234.34
14474.00,44,30,537.71
14475.00,72,47,799.82
14476.00,258,19,215.70
14477.00,20,11,1307.81
14479.00,254,8,141.85
14480.00,12,13,279.05
14481.00,165,30,636.51
14482.00,19,144,2068.15
14483.00,150,10,129.20
14484.00,51,14,321.92
14485.00,39,47,165.75
14487.00,27,131,1071.23
14488.00,52,49,1047.43
14489.00,208,30,463.38
14491.00,176,13,213.73
14493.00,8,123,2362.84
14494.00,26,7,139.56
14495.00,51,6,123.80
14496.00,312,14,234.47
14497.00,302,31,457.47
14498.00,43,193,1957.32
14499.00,27,194,815.32
14500.00,89,7,356.85
14501.00,65,12,190.31
14502.00,20,631,2351.02
14503.00,4,164,3543.26
14504.00,48,107,673.26
14505.00,18,803,5818.70
14506.00,18,266,1742.47
14507.00,24,98,1368.18
14508.00,23,57,276.42
14511.00,12,71,1267.41
14512.00,188,23,275.28
14513.00,101,18,438.49
14514.00,62,73,1055.35
14515.00,18,101,2102.09
14517.00,34,18,330.45
14518.00,65,16,174.37
14520.00,2,4,270.60
14522.00,25,17,974.54
14523.00,109,12,241.09
14524.00,32,203,1867.68
14525.00,9,298,4221.37
14527.00,3,952,7250.84
14528.00,38,18,364.22
14529.00,61,229,620.04
14530.00,26,216,2925.91
14532.00,237,64,932.85
14533.00,25,65,1812.62
14534.00,3,558,4075.35
14535.00,60,333,2841.09
14536.00,260,19,171.80
14537.00,58,10,355.56
14538.00,65,19,388.25
14539.00,16,32,537.48
14540.00,10,76,996.26
14541.00,59,111,1461.65
14542.00,186,5,103.25
14543.00,4,107,2916.17
14544.00,25,114,2024.45
14546.00,5,417,2487.02
14547.00,4,367,3986.74
14548.00,151,4,652.80
14549.00,312,56,289.24
14550.00,11,48,765.62
14551.00,19,10,186.23
14552.00,152,58,165.07
14553.00,20,113,859.27
14554.00,11,216,2381.04
14555.00,58,21,324.14
14557.00,65,32,0.00
14560.00,8,76,2174.18
14561.00,76,69,1080.76
14562.00,4,446,4709.22
14565.00,96,129,3073.77
14566.00,111,4,1432.00
14567.00,36,34,1524.46
14569.00,2,12,227.39
14570.00,281,29,218.06
14572.00,4,273,2803.69
14573.00,180,165,1190.62
14577.00,13,123,859.71
14578.00,4,24,168.63
14581.00,17,17,138.60
14582.00,41,6,114.11
14583.00,6,330,1052.55
14584.00,170,101,1029.26
14585.00,51,29,157.05
14586.00,228,27,134.16
14587.00,19,384,1598.24
14591.00,16,197,1447.14
14592.00,36,164,570.46
14593.00,22,152,617.99
14594.00,8,22,124.83
14595.00,20,102,1740.60
14597.00,12,55,883.15
14598.00,45,50,221.97
14600.00,306,25,393.33
14601.00,11,7,213.96
14603.00,275,2,660.00
14606.00,2,2660,11119.87
14607.00,16,114,11341.10
14608.00,5,20,1785.15
14609.00,73,4,601.56
14616.00,243,3,406.08
14618.00,10,16,553.44
14619.00,240,22,379.51
14620.00,205,30,393.28
14621.00,2,96,1765.76
14622.00,185,21,320.58
14623.00,33,135,869.35
14624.00,58,13,225.85
14625.00,186,55,886.13
14626.00,9,126,2757.07
14627.00,312,5,-21.85
14628.00,92,24,671.96
14629.00,5,153,939.21
14631.00,51,41,1006.98
14632.00,263,8,114.56
14633.00,267,20,344.90
14636.00,37,28,609.85
14638.00,51,16,443.60
14639.00,53,175,2952.34
14640.00,16,113,2042.15
14641.00,22,7,110.46
14642.00,59,2,96.12
14643.00,171,34,668.61
14644.00,10,29,780.46
14645.00,157,30,597.09
14646.00,2,2081,279489.02
14647.00,202,30,243.22
14649.00,5,199,1417.29
14651.00,68,102,654.60
14652.00,78,29,114.18
14653.00,2,237,1947.55
14655.00,4,50,1930.15
14656.00,170,80,291.05
14657.00,18,127,838.27
14658.00,6,29,247.15
14659.00,9,259,2456.53
14660.00,87,30,285.74
14661.00,27,4,107.95
14662.00,29,168,771.17
14664.00,20,99,637.89
14665.00,61,117,1258.38
14666.00,25,14,195.25
14667.00,11,504,8033.49
14669.00,242,170,1269.99
14670.00,281,132,411.53
14672.00,235,61,765.55
14673.00,4,59,1362.91
14675.00,17,102,604.75
14676.00,32,44,2543.24
14680.00,26,306,25251.46
14681.00,72,7,498.95
14682.00,188,2,52.00
14684.00,26,421,1236.28
14687.00,107,15,628.38
14688.00,8,340,4662.40
14689.00,209,13,112.80
14690.00,45,54,358.61
14691.00,31,71,2114.33
14692.00,138,69,582.05
14693.00,265,8,172.90
14696.00,5,114,1777.60
14697.00,219,22,188.61
14698.00,2,210,1250.76
14699.00,215,8,109.13
14700.00,33,115,2235.30
14701.00,11,350,2486.22
14702.00,2,318,2931.94
14703.00,15,22,318.17
14704.00,12,415,1546.91
14705.00,199,1,179.00
14708.00,3,17,677.61
14709.00,16,197,4911.14
14710.00,15,139,606.13
14711.00,11,359,2838.20
14712.00,30,25,917.07
14713.00,10,316,2365.31
14714.00,25,10,160.19
14715.00,25,71,867.38
14716.00,44,55,329.68
14719.00,2,238,1592.18
14720.00,6,37,663.81
14722.00,148,29,187.92
14723.00,11,235,907.36
14725.00,25,52,718.08
14727.00,275,10,268.58
14730.00,2,501,2005.06
14731.00,48,45,380.02
14732.00,9,149,2686.34
14733.00,10,188,7621.52
14735.00,4,205,5807.69
14737.00,4,17,1164.55
14738.00,40,56,1289.94
14739.00,3,49,3185.22
14740.00,192,93,1423.21
14741.00,12,50,1215.84
14744.00,17,25,863.53
14745.00,113,70,1167.16
14747.00,248,19,294.30
14748.00,30,60,841.37
14752.00,44,5,389.64
14753.00,88,30,563.15
14754.00,45,41,638.05
14755.00,10,237,4965.38
14756.00,16,38,738.96
14757.00,76,19,420.50
14758.00,145,71,1484.06
14759.00,5,102,1625.97
14760.00,295,7,53.80
14761.00,59,11,255.90
14762.00,264,21,300.52
14764.00,44,7,250.55
14765.00,30,39,254.11
14766.00,9,129,2292.97
14768.00,18,6,139.50
14769.00,3,1094,10641.60
14770.00,233,52,876.42
14772.00,113,9,139.26
14775.00,59,40,605.34
14776.00,52,134,2195.58
14777.00,5,3,-17.45
14778.00,128,35,730.86
14779.00,281,41,386.15
14780.00,55,27,447.68
14782.00,320,6,200.10
14784.00,27,15,289.99
14785.00,11,3,77.40
14788.00,8,30,679.44
14789.00,29,6,197.64
14790.00,17,46,745.06
14792.00,64,4,0.00
14793.00,5,15,214.14
14794.00,3,82,1272.11
14795.00,167,6,131.45
14796.00,2,1114,7170.25
14798.00,53,12,173.74
14799.00,52,13,157.70
14800.00,48,341,3680.50
14801.00,62,59,193.14
14803.00,163,44,845.55
14804.00,9,12,353.27
14805.00,16,47,554.65
14806.00,76,11,193.39
14808.00,40,256,2175.37
14810.00,41,232,1907.44
14815.00,37,53,778.50
14816.00,198,4,271.85
14817.00,201,63,1110.34
14818.00,74,48,657.80
14819.00,65,13,272.07
14820.00,22,29,507.29
14823.00,181,70,321.43
14824.00,11,29,1127.71
14825.00,4,111,2042.81
14828.00,197,17,2139.76
14829.00,30,26,407.68
14830.00,54,40,197.13
14834.00,18,70,1698.35
14836.00,11,6,102.45
14837.00,90,110,1641.20
14840.00,268,4,62.85
14841.00,54,138,3295.76
14842.00,36,158,2456.80
14844.00,64,130,3189.81
14847.00,149,13,309.40
14849.00,22,375,7548.44
14850.00,312,21,325.75
14851.00,24,28,511.35
14852.00,59,143,2836.69
14853.00,9,10,463.05
14854.00,79,131,2749.89
14855.00,120,20,645.65
14856.00,37,66,1311.38
14857.00,60,61,1165.65
14859.00,13,59,1352.04
14860.00,9,12,168.62
14861.00,53,6,125.79
14862.00,26,48,841.20
14863.00,30,11,266.76
14865.00,8,1,15.00
14866.00,11,102,14093.77
14867.00,186,36,710.28
14868.00,4,147,2939.64
14869.00,4,72,721.95
14870.00,262,13,327.25
14871.00,4,98,522.38
14873.00,211,28,519.68
14875.00,10,50,1448.72
14878.00,13,124,1485.54
14880.00,78,47,706.19
14881.00,20,17,255.40
14882.00,27,11,589.70
14883.00,19,54,756.64
14885.00,132,15,765.32
14886.00,253,18,364.80
14887.00,80,6,1862.00
14888.00,208,20,369.20
14889.00,337,10,135.90
14890.00,254,7,125.65
14891.00,149,33,554.38
14893.00,10,73,1237.85
14894.00,86,23,655.75
14895.00,8,506,11020.26
14896.00,205,11,211.55
14897.00,8,55,1366.38
14898.00,24,114,1157.42
14901.00,12,64,1058.89
14902.00,22,24,314.11
14903.00,22,364,2744.48
14904.00,3,69,1025.44
14905.00,155,18,599.90
14907.00,4,140,2860.78
14908.00,75,9,277.80
14910.00,3,35,389.86
14911.00,2,5740,128161.04
14912.00,17,28,841.52
14913.00,36,87,1227.43
14915.00,86,13,258.83
14916.00,71,79,1264.84
14918.00,116,45,1610.15
14920.00,213,57,977.77
14921.00,31,78,1316.07
14923.00,51,44,749.10
14924.00,246,10,310.05
14929.00,33,11,223.88
14930.00,109,128,2372.86
14931.00,5,42,964.68
14934.00,73,88,1888.84
14935.00,298,10,1784.71
14936.00,10,366,8117.42
14937.00,57,35,1617.63
14944.00,30,172,5842.95
14946.00,15,3,100.90
14947.00,73,14,290.82
14948.00,24,64,1066.57
14950.00,9,20,361.25
14951.00,80,20,311.69
14952.00,47,146,8015.79
14953.00,26,55,289.82
14954.00,13,85,336.17
14957.00,254,12,58.49
14958.00,148,42,499.68
14959.00,60,61,684.97
14960.00,9,27,221.27
14961.00,11,317,7006.58
14962.00,271,5,126.70
14963.00,10,198,1487.80
14964.00,248,13,206.21
14965.00,97,83,599.00
14966.00,15,38,191.32
14967.00,50,6,463.80
14968.00,31,37,147.59
14970.00,69,34,1592.06
14971.00,36,160,1116.57
14972.00,129,18,114.77
14973.00,108,32,1314.45
14974.00,38,21,114.39
14975.00,58,11,279.94
14976.00,58,73,765.86
14978.00,73,216,1931.42
14981.00,247,8,102.12
14984.00,20,41,213.27
14985.00,199,87,296.75
14987.00,16,2,163.20
14988.00,212,40,334.54
14995.00,39,61,233.23
14997.00,47,27,540.98
14998.00,171,75,429.87
15000.00,48,77,490.52
15002.00,116,84,1010.11
15004.00,148,158,1246.32
15005.00,16,1132,5957.99
15006.00,52,144,502.09
15007.00,160,12,156.91
15009.00,13,182,1261.78
15010.00,36,20,308.94
15012.00,54,74,231.98
15014.00,44,35,260.17
15016.00,173,20,170.04
15017.00,34,20,125.58
15018.00,39,27,345.01
15019.00,267,70,266.00
15021.00,9,422,1682.64
15022.00,12,135,905.04
15023.00,4,526,6302.56
15024.00,10,107,1170.11
15025.00,34,72,377.01
15026.00,81,61,469.00
15027.00,31,37,1051.95
15028.00,9,34,441.16
15030.00,72,7,518.28
15031.00,5,111,668.14
15032.00,257,25,1693.50
15033.00,5,513,2571.02
15034.00,16,400,4277.66
15035.00,90,27,252.73
15036.00,73,127,465.55
15038.00,44,98,539.16
15039.00,10,1452,19174.93
15041.00,171,67,180.35
15042.00,200,5,135.93
15043.00,32,3,537.00
15044.00,20,461,7629.38
15045.00,152,13,633.66
15046.00,10,207,5064.01
15047.00,270,22,343.62
15048.00,66,75,281.87
15049.00,274,3,121.17
15050.00,26,80,1727.17
15051.00,24,143,1391.61
15052.00,320,30,215.78
15053.00,5,71,697.79
15054.00,13,114,302.10
15057.00,276,25,1489.50
15058.00,26,276,2124.99
15059.00,41,239,1325.82
15060.00,9,121,303.09
15061.00,4,321,42799.24
15062.00,72,57,987.86
15063.00,214,5,370.80
15065.00,38,158,3135.98
15066.00,32,53,760.59
15067.00,79,82,1744.76
15068.00,47,104,553.36
15069.00,180,70,1109.53
15071.00,94,26,982.07
15073.00,10,76,612.43
15074.00,106,42,748.87
15075.00,78,27,773.03
15076.00,173,49,880.85
15078.00,8,429,9148.20
15079.00,213,44,751.71
15081.00,23,27,376.20
15083.00,257,5,88.20
15087.00,282,15,306.94
15088.00,22,60,1140.27
15089.00,11,145,2420.84
15090.00,309,23,381.32
15091.00,54,31,476.96
15092.00,216,26,457.81
15093.00,19,96,3786.41
15095.00,104,49,1364.70
15096.00,43,11,219.39
15097.00,5,25,248.08
15098.00,183,5,649.50
15099.00,85,23,410.48
15100.00,331,3,65.70
15101.00,9,9,310.03
15103.00,32,35,703.36
15104.00,167,71,1002.54
15105.00,19,101,2298.93
15106.00,18,102,1407.73
15107.00,312,14,131.66
15108.00,142,61,1291.75
15109.00,241,31,463.75
15110.00,24,40,970.25
15111.00,30,68,1278.98
15113.00,10,101,3439.41
15114.00,31,197,2760.56
15115.00,19,21,340.11
15116.00,18,45,1352.75
15117.00,15,80,1550.13
15118.00,135,1,244.80
15119.00,246,14,266.40
15120.00,130,22,343.82
15121.00,51,28,457.72
15122.00,86,87,1612.13
15123.00,8,106,2199.31
15124.00,23,15,184.19
15125.00,26,140,11117.05
15127.00,66,16,406.53
15128.00,61,111,1419.54
15129.00,51,84,3447.40
15130.00,170,22,330.11
15132.00,19,52,977.93
15133.00,128,29,982.42
15134.00,15,73,1387.99
15135.00,234,10,127.15
15136.00,3,69,1282.45
15139.00,240,13,178.96
15140.00,53,81,2350.00
15142.00,47,26,498.74
15143.00,226,14,259.45
15144.00,9,218,6530.04
15145.00,5,67,1194.73
15146.00,165,95,1313.66
15147.00,219,29,608.65
15148.00,11,20,301.29
15149.00,134,23,520.80
15150.00,18,344,5303.97
15152.00,10,278,4684.24
15153.00,32,22,329.25
15154.00,75,92,240.27
15156.00,2,55,961.49
15157.00,4,133,1869.50
15158.00,46,7,401.40
15159.00,2,720,18573.68
15160.00,358,4,158.16
15163.00,19,29,304.47
15164.00,69,103,843.05
15167.00,321,41,163.00
15168.00,26,5,106.56
15171.00,325,7,1034.50
15172.00,9,110,1624.05
15174.00,323,11,135.75
15175.00,72,23,224.14
15178.00,261,3,40.50
15179.00,19,95,2186.20
15181.00,67,17,685.23
15182.00,155,29,622.85
15184.00,30,63,406.76
15185.00,71,21,310.62
15186.00,15,19,411.41
15187.00,2,93,4670.08
15189.00,2,232,15802.14
15192.00,120,36,729.32
15193.00,61,19,499.32
15194.00,4,310,7115.01
15195.00,3,1,3861.00
15197.00,9,36,656.44
15198.00,93,10,193.64
15199.00,60,13,1268.70
15201.00,79,97,927.84
15203.00,26,142,1827.80
15204.00,358,9,316.58
15205.00,86,38,648.83
15206.00,11,9,420.30
15208.00,2,43,867.62
15210.00,226,20,331.18
15211.00,61,29,511.34
15212.00,240,7,88.95
15213.00,319,25,325.05
15214.00,2,110,1661.44
15215.00,45,43,615.99
15216.00,88,2,96.60
15218.00,11,166,5756.89
15219.00,177,9,305.75
15220.00,52,119,1758.92
15222.00,319,5,585.00
15223.00,226,32,454.90
15224.00,359,16,310.48
15225.00,235,23,409.40
15226.00,311,8,154.41
15227.00,37,58,1219.40
15228.00,67,126,3376.96
15230.00,240,23,429.60
15232.00,114,31,612.06
15234.00,277,14,197.00
15235.00,218,134,2082.46
15236.00,299,15,321.05
15237.00,2,99,1412.32
15238.00,30,52,1056.54
15239.00,11,52,764.34
15240.00,45,80,1691.02
15241.00,67,111,1738.59
15243.00,75,22,316.68
15244.00,66,34,631.57
15245.00,135,89,2515.84
15246.00,239,33,514.15
15247.00,123,6,356.00
15249.00,32,358,6657.36
15251.00,10,121,10327.11
15252.00,37,44,740.78
15253.00,17,55,915.30
15254.00,128,18,300.36
15255.00,67,47,890.85
15256.00,149,6,98.45
15257.00,282,8,232.15
15258.00,169,34,623.16
15260.00,101,61,1360.27
15261.00,136,19,254.82
15262.00,324,10,178.95
15263.00,107,12,156.51
15264.00,65,23,393.74
15265.00,152,82,1506.12
15266.00,339,6,119.30
15267.00,23,11,1717.36
15269.00,24,2,408.80
15270.00,16,48,2298.20
15271.00,8,251,2374.07
15272.00,58,63,721.94
15274.00,5,47,716.57
15275.00,32,42,609.19
15276.00,67,52,135.31
15277.00,47,12,255.90
15279.00,355,19,290.51
15280.00,173,16,113.12
15281.00,59,150,2239.95
15286.00,50,3,240.55
15287.00,23,21,485.24
15288.00,44,62,2140.87
15289.00,30,59,935.10
15290.00,5,212,7803.77
15291.00,26,107,4267.71
15292.00,202,25,180.94
15296.00,45,200,3610.31
15297.00,11,41,635.04
15298.00,3,177,3376.50
15299.00,68,9,1952.08
15300.00,65,28,496.44
15301.00,51,213,4354.75
15303.00,291,31,574.02
15304.00,61,21,557.15
15306.00,65,58,1174.35
15307.00,96,12,205.30
15308.00,271,21,302.27
15311.00,1,2382,57826.30
15312.00,76,48,921.10
15313.00,111,1,52.00
15314.00,200,24,327.97
15315.00,65,38,551.54
15316.00,327,1,165.00
15318.00,4,33,312.62
15319.00,284,16,204.50
15320.00,45,36,267.13
15321.00,50,106,2650.73
15322.00,65,49,602.97
15325.00,104,49,162.29
15326.00,334,29,311.71
15327.00,53,10,208.75
15329.00,36,59,1023.20
15330.00,33,13,714.96
15333.00,209,16,1028.56
15334.00,157,99,351.67
15335.00,54,36,173.97
15339.00,67,88,557.57
15341.00,81,17,2020.52
15342.00,117,26,391.76
15343.00,88,21,364.50
15344.00,1,32,476.58
15345.00,36,23,367.69
15346.00,333,17,252.42
15348.00,73,9,158.04
15349.00,159,72,473.81
15351.00,13,180,1600.86
15353.00,255,51,465.37
15355.00,30,14,277.05
15356.00,32,466,2616.28
15358.00,5,520,7610.25
15360.00,40,13,427.93
15361.00,362,7,418.92
15363.00,242,1,-7.95
15364.00,96,29,913.19
15365.00,26,151,1330.45
15366.00,76,44,602.51
15367.00,58,96,1867.69
15368.00,22,4,446.94
15369.00,145,1,-1592.49
15370.00,41,95,2360.55
15372.00,138,27,2007.40
15373.00,9,126,1878.81
15374.00,129,3,168.00
15376.00,41,117,1233.36
15379.00,170,196,3631.89
15380.00,9,36,1452.26
15381.00,214,8,596.85
15382.00,15,306,5927.86
15384.00,170,41,642.41
15385.00,41,12,316.88
15386.00,187,31,394.14
15388.00,271,10,140.54
15389.00,173,1,500.00
15392.00,5,85,1515.73
15393.00,17,12,231.86
15394.00,10,85,2183.54
15395.00,326,7,107.45
15396.00,113,14,288.18
15397.00,290,6,94.00
15398.00,17,74,1339.63
15399.00,2,50,815.77
15400.00,93,13,666.70
15402.00,149,42,626.77
15405.00,190,8,349.10
15406.00,19,58,426.61
15407.00,34,153,1056.44
15408.00,265,34,267.18
15410.00,85,122,3450.84
15411.00,27,100,1346.38
15412.00,172,10,190.53
15414.00,10,39,774.90
15415.00,314,48,572.81
15416.00,65,193,3974.37
15417.00,86,28,508.80
15419.00,25,8,135.86
15421.00,59,53,950.36
15422.00,324,6,97.70
15423.00,39,2,43.50
15424.00,255,17,383.34
15426.00,20,213,1023.43
15427.00,34,306,1483.14
15428.00,16,6,93.78
15429.00,27,83,364.90
15432.00,24,10,171.19
15433.00,80,53,417.87
15434.00,9,59,997.48
15435.00,23,29,149.29
15436.00,13,329,1122.53
15437.00,263,45,200.16
15438.00,132,25,156.58
15440.00,55,62,383.68
15442.00,249,2,594.00
15443.00,2,385,3212.16
15444.00,10,219,1418.26
15445.00,265,5,113.50
15447.00,331,9,155.17
15448.00,313,28,494.64
15449.00,27,62,971.22
15450.00,31,30,429.84
15452.00,30,58,538.73
15453.00,2,286,1388.37
15454.00,363,25,179.10
15456.00,284,60,447.22
15457.00,263,58,237.07
15458.00,26,7,161.64
15460.00,355,58,216.76
15462.00,95,11,234.60
15463.00,30,7,126.14
15464.00,339,157,1048.85
15465.00,20,97,6409.27
15466.00,86,57,334.53
15467.00,10,53,511.88
15468.00,36,29,438.46
15469.00,44,27,504.50
15471.00,3,77,469.48
15472.00,114,76,371.56
15473.00,15,14,1465.20
15475.00,78,29,454.11
15478.00,41,46,1441.42
15480.00,117,45,905.50
15482.00,16,127,6568.72
15483.00,162,88,233.81
15484.00,2,189,3563.11
15485.00,31,63,1624.91
15488.00,93,2,91.32
15489.00,23,55,1090.03
15491.00,96,155,3090.85
15492.00,29,35,659.46
15493.00,33,299,1967.25
15494.00,22,125,1299.23
15497.00,18,16,1259.70
15498.00,1,494,11700.74
15500.00,9,68,1131.56
15502.00,16,212,4997.46
15503.00,363,70,147.09
15504.00,82,13,52.83
15505.00,53,99,3497.14
15506.00,23,164,979.26
15507.00,172,46,492.36
15508.00,190,92,1000.27
15510.00,331,1,250.00
15511.00,12,160,909.23
15512.00,156,7,121.00
15513.00,32,299,13206.58
15514.00,13,218,2963.19
15516.00,45,15,62.43
15517.00,234,27,267.03
15518.00,65,220,1911.89
15520.00,2,18,343.50
15521.00,37,200,2574.65
15522.00,33,57,398.84
15523.00,85,10,412.01
15524.00,25,1,440.00
15525.00,3,123,497.09
15526.00,34,4,148.44
15527.00,19,166,2348.82
15528.00,255,26,229.33
15529.00,23,659,3672.12
15530.00,22,108,1502.35
15531.00,9,228,2007.44
15532.00,26,263,1517.08
15533.00,20,86,746.92
15535.00,174,77,472.65
15537.00,164,24,110.92
15539.00,8,41,538.46
15540.00,12,15,213.30
15541.00,115,29,85.13
15543.00,289,28,127.86
15544.00,9,235,3187.97
15545.00,55,50,157.39
15547.00,8,702,4954.84
15549.00,78,116,1655.76
15550.00,5,61,575.63
15551.00,37,29,436.06
15552.00,218,17,90.12
15553.00,61,56,437.23
15554.00,278,14,217.20
15555.00,13,856,3939.42
15556.00,25,31,279.77
15557.00,29,20,473.65
15561.00,12,31,722.74
15562.00,352,1,134.55
15563.00,9,117,1319.69
15565.00,51,8,173.16
15567.00,19,7,186.01
15568.00,3,53,758.29
15569.00,104,31,1375.71
15570.00,8,286,3592.32
15571.00,12,57,650.43
15572.00,5,215,2552.86
15573.00,32,104,607.45
15574.00,178,47,326.60
15576.00,38,45,940.67
15577.00,152,39,258.88
15578.00,163,13,127.10
15579.00,69,51,348.60
15581.00,121,129,3157.63
15582.00,25,44,682.91
15584.00,24,125,722.61
15585.00,177,31,455.30
15587.00,51,9,913.68
15589.00,253,30,456.58
15590.00,290,1,-30.19
15592.00,47,24,388.58
15593.00,71,5,199.80
15594.00,16,104,1767.53
15596.00,101,63,941.02
15597.00,30,23,315.72
15598.00,36,16,235.68
15599.00,27,52,761.74
15601.00,12,366,5976.98
15602.00,9,50,991.08
15603.00,79,2,48.48
15604.00,53,17,216.39
15605.00,37,55,1003.38
15606.00,58,91,2422.64
15607.00,337,13,104.76
15608.00,29,60,1093.68
15609.00,183,18,270.03
15610.00,52,6,112.46
15611.00,10,45,1568.39
15612.00,37,6,195.15
15615.00,11,429,10360.04
15618.00,33,49,747.03
15619.00,11,3,336.40
15620.00,51,104,1524.40
15621.00,5,18,1158.77
15622.00,4,214,3224.53
15623.00,142,19,301.03
15624.00,117,34,588.13
15625.00,101,68,1504.56
15626.00,75,49,675.80
15628.00,5,138,2546.46
15630.00,46,61,1180.40
15632.00,16,177,3147.31
15634.00,18,15,243.55
15636.00,90,25,724.76
15637.00,53,15,223.36
15638.00,302,2,-94.00
15639.00,135,25,425.32
15640.00,5,488,12099.62
15641.00,106,119,1887.20
15643.00,180,36,647.40
15644.00,167,238,813.00
15645.00,19,52,612.01
15646.00,158,19,235.34
15648.00,205,28,599.90
15649.00,337,1,306.00
15651.00,37,32,646.30
15652.00,92,21,337.74
15653.00,93,6,877.44
15654.00,10,21,922.53
15655.00,234,37,511.32
15656.00,46,47,748.50
15657.00,23,1,30.00
15658.00,191,42,652.70
15659.00,44,11,306.45
15660.00,26,84,1342.71
15661.00,318,5,309.80
15663.00,107,9,138.14
15664.00,51,19,358.63
15665.00,169,116,2242.01
15667.00,40,13,301.32
15668.00,218,1,76.32
15669.00,41,35,677.69
15670.00,297,12,173.05
15671.00,19,81,2635.49
15673.00,89,155,2881.02
15674.00,74,135,1744.02
15675.00,82,21,323.69
15676.00,10,216,3324.09
15677.00,50,33,657.23
15678.00,53,12,352.70
15679.00,25,110,781.28
15680.00,10,48,854.79
15681.00,19,67,946.36
15683.00,118,10,193.75
15687.00,9,168,2981.50
15689.00,120,9,254.10
15690.00,5,19,239.76
15691.00,253,2,136.80
15692.00,29,12,191.04
15694.00,1,67,5591.27
15695.00,267,22,409.98
15696.00,34,177,2644.46
15699.00,18,18,309.65
15700.00,173,89,664.03
15701.00,3,237,1542.14
15703.00,265,5,211.50
15704.00,141,117,2293.62
15705.00,202,6,143.10
15706.00,60,59,1001.81
15707.00,36,214,945.58
15708.00,41,252,2987.36
15709.00,284,6,133.25
15712.00,10,53,1072.36
15713.00,144,11,175.60
15714.00,12,35,330.88
15716.00,146,80,571.71
15717.00,235,7,150.30
15719.00,33,938,5043.96
15720.00,25,128,598.73
15721.00,12,91,507.08
15722.00,36,72,2181.21
15723.00,365,41,203.10
15724.00,202,12,212.30
15725.00,16,32,415.25
15727.00,17,302,5178.96
15728.00,50,4,-134.80
15729.00,199,6,62.00
15730.00,66,73,1108.38
15732.00,213,9,156.02
15733.00,283,10,162.30
15734.00,115,26,1339.45
15737.00,15,81,1121.21
15738.00,19,161,4462.07
15739.00,67,8,449.12
15740.00,50,9,154.88
15743.00,17,88,784.46
15744.00,78,3,34.80
15745.00,9,65,1071.24
15746.00,135,29,182.96
15747.00,13,93,974.04
15748.00,41,21,149.31
15749.00,236,15,21535.90
15750.00,3,274,2124.96
15752.00,40,398,2369.28
15753.00,305,1,79.20
15754.00,51,29,455.67
15755.00,2,149,2318.88
15756.00,62,192,532.96
15757.00,66,45,714.42
15758.00,25,9,205.25
15759.00,219,7,253.04
15762.00,66,37,583.75
15763.00,32,63,1048.67
15764.00,82,188,3245.47
15766.00,65,11,315.06
15768.00,116,28,581.83
15769.00,8,146,51731.92
15773.00,6,10,635.68
15774.00,69,25,270.80
15775.00,246,7,104.90
15776.00,134,18,241.62
15777.00,242,22,1021.61
15780.00,184,29,475.28
15781.00,26,21,333.56
15782.00,10,44,2593.94
15783.00,11,14,246.30
15785.00,30,87,2303.75
15786.00,44,280,4834.20
15787.00,27,206,948.05
15789.00,359,25,351.30
15790.00,11,35,220.85
15791.00,44,76,1604.44
15793.00,10,13,948.96
15795.00,150,42,610.01
15796.00,2,135,2666.61
15797.00,114,8,2207.40
15799.00,76,98,884.14
15800.00,108,119,699.08
15801.00,47,69,1042.19
15802.00,143,3,-451.42
15803.00,52,8,415.82
15804.00,1,273,3848.55
15805.00,24,307,5452.17
15806.00,47,31,784.58
15807.00,51,48,903.90
15808.00,307,146,2703.32
15809.00,36,43,399.21
15810.00,79,112,1145.43
15811.00,18,123,1881.47
15812.00,108,41,1801.14
15813.00,208,40,1303.91
15814.00,4,74,1842.73
15815.00,64,49,2100.60
15819.00,50,123,1905.45
15820.00,320,17,206.98
15821.00,45,62,570.96
15822.00,4,33,885.47
15823.00,338,16,-855.76
15825.00,173,20,532.94
15826.00,52,69,1649.36
15827.00,74,120,1450.55
15829.00,100,51,636.14
15830.00,30,41,547.70
15831.00,59,69,747.76
15832.00,255,54,836.79
15834.00,71,274,2108.75
15835.00,45,50,954.09
15836.00,46,12,117.47
15837.00,65,24,391.98
15838.00,12,165,32674.06
15839.00,26,65,1020.74
15840.00,59,28,345.66
15841.00,65,50,1209.10
15843.00,304,8,118.95
15844.00,47,11,130.74
15845.00,18,140,3650.87
15847.00,39,22,389.27
15850.00,20,97,238.85
15852.00,187,22,160.71
15853.00,52,30,110.80
15854.00,5,140,2974.65
15855.00,137,80,712.24
15856.00,5,623,14602.35
15857.00,19,14,297.00
15858.00,16,147,1054.92
15860.00,41,127,874.55
15861.00,13,547,3000.36
15862.00,9,83,478.65
15863.00,26,18,68.84
15864.00,23,24,1769.78
15865.00,41,40,895.13
15866.00,102,45,230.53
15867.00,6,434,3684.89
15869.00,278,15,149.64
15870.00,33,76,354.09
15872.00,15,128,360.93
15874.00,64,137,4330.67
15877.00,2,131,440.78
15881.00,313,32,438.24
15882.00,199,7,145.04
15883.00,3,49,396.48
15885.00,93,18,379.35
15886.00,61,12,181.09
15888.00,80,14,141.27
15889.00,157,27,148.95
15891.00,227,62,524.52
15894.00,254,3,106.81
15895.00,150,11,179.17
15897.00,195,24,222.05
15898.00,2,23,862.99
15900.00,24,51,351.11
15901.00,17,116,363.88
15903.00,10,75,5126.34
15904.00,9,30,164.68
15906.00,20,151,1521.79
15907.00,4,249,967.45
15909.00,174,7,191.94
15910.00,1,267,1232.18
15912.00,179,19,264.62
15916.00,17,145,1277.09
15917.00,248,12,123.10
15918.00,191,40,334.23
15919.00,20,94,369.17
15920.00,155,60,167.50
15921.00,173,25,336.03
15925.00,195,12,207.15
15930.00,68,21,426.63
15932.00,5,119,2461.85
15933.00,22,74,1107.46
15935.00,240,12,416.86
15937.00,65,7,145.35
15938.00,113,18,404.58
15939.00,90,77,6102.26
15940.00,312,2,31.80
15942.00,134,14,337.44
15944.00,277,6,325.10
15947.00,83,29,1708.24
15948.00,9,60,955.24
15949.00,17,19,364.72
15950.00,2,103,1705.26
15951.00,2,43,669.57
15952.00,34,91,806.57
15953.00,16,87,1424.69
15955.00,25,165,3817.43
15957.00,32,42,428.89
15958.00,75,7,104.35
15963.00,20,28,470.76
15965.00,18,106,689.45
15967.00,24,84,418.83
15969.00,3,21,582.90
15970.00,304,11,314.10
15971.00,18,35,4199.85
15973.00,236,2,-208.05
15974.00,40,177,3429.55
15975.00,85,24,371.01
15976.00,166,98,430.94
15977.00,18,65,1054.73
15978.00,78,49,1098.78
15980.00,89,43,2398.86
15981.00,25,97,3408.48
15983.00,23,57,651.47
15984.00,3,270,2694.27
15985.00,124,38,1037.42
15986.00,31,14,168.12
15987.00,13,131,1337.80
15988.00,20,27,158.03
15990.00,45,52,792.11
15992.00,4,3,41.99
15993.00,9,560,2756.82
15994.00,55,35,427.07
15996.00,89,99,781.53
15998.00,37,509,3084.17
16000.00,3,9,12393.70
16003.00,30,103,2735.37
16005.00,13,218,615.39
16006.00,212,8,101.40
16007.00,48,385,1701.94
16008.00,24,33,478.78
16009.00,23,90,992.71
16010.00,246,86,407.50
16011.00,9,190,3124.76
16012.00,36,94,1415.29
16013.00,4,148,32304.25
16014.00,36,148,653.13
16015.00,4,184,690.54
16016.00,4,167,1109.54
16017.00,48,32,211.88
16018.00,40,28,408.90
16019.00,2,165,3450.24
16020.00,17,46,851.01
16022.00,261,76,628.28
16023.00,47,101,719.81
16024.00,13,64,251.24
16025.00,30,28,439.66
16026.00,44,32,236.09
16027.00,92,17,852.12
16029.00,39,262,46721.09
16030.00,310,29,331.24
16031.00,93,100,548.94
16033.00,6,1126,8571.97
16034.00,197,22,437.70
16036.00,88,55,758.92
16037.00,270,39,855.02
16038.00,8,28,454.33
16040.00,66,65,1313.55
16041.00,31,6,3166.40
16042.00,23,71,1197.27
16043.00,38,39,773.99
16045.00,120,83,1340.70
16048.00,86,1,-12.75
16049.00,41,312,1111.79
16050.00,174,10,137.90
16052.00,55,34,362.06
16053.00,33,84,1511.95
16054.00,146,70,783.90
16055.00,221,8,134.80
16056.00,46,68,664.85
16057.00,5,134,2140.22
16059.00,66,162,1341.61
16061.00,270,1,-29.95
16062.00,10,64,1153.62
16063.00,261,23,335.32
16066.00,17,102,1521.87
16070.00,23,33,852.15
16071.00,45,21,326.24
16072.00,289,23,584.32
16073.00,292,2,94.35
16076.00,4,131,2173.53
16078.00,284,1,79.20
16079.00,17,21,1352.00
16080.00,82,11,176.60
16081.00,57,205,2649.30
16083.00,101,31,1317.62
16084.00,300,38,436.18
16085.00,24,167,981.51
16086.00,60,32,942.05
16091.00,155,18,315.06
16092.00,99,53,779.36
16093.00,107,1,17.00
16094.00,12,67,1041.83
16096.00,265,12,320.62
16097.00,241,10,185.05
16098.00,88,55,1575.03
16099.00,51,39,731.90
16101.00,10,83,1245.96
16102.00,43,57,1842.14
16103.00,8,48,1429.64
16104.00,62,29,302.36
16105.00,249,13,336.96
16106.00,66,6,108.38
16107.00,18,31,3204.16
16108.00,85,49,816.10
16109.00,219,18,611.88
16110.00,46,354,1337.48
16112.00,144,16,195.74
16113.00,184,30,161.38
16114.00,171,8,135.75
16115.00,10,284,1667.97
16116.00,206,35,592.88
16117.00,190,30,232.21
16119.00,9,16,423.36
16120.00,60,32,1294.14
16121.00,58,212,867.11
16122.00,74,28,578.70
16123.00,52,16,307.78
16124.00,317,16,187.15
16126.00,30,117,6287.77
16127.00,40,40,656.25
16128.00,18,89,1880.22
16131.00,52,78,3506.54
16133.00,4,364,14305.66
16134.00,22,38,603.69
16135.00,263,21,517.55
16136.00,60,37,709.38
16139.00,19,31,635.41
16140.00,53,30,579.63
16141.00,89,30,620.40
16142.00,250,37,535.34
16143.00,4,102,2064.09
16144.00,247,1,175.20
16145.00,9,237,3741.98
16146.00,158,29,734.13
16147.00,134,22,375.00
16148.00,297,1,76.32
16149.00,5,18,280.52
16150.00,39,114,1512.65
16152.00,269,29,1829.04
16153.00,50,89,1824.23
16156.00,9,139,3024.62
16157.00,16,19,644.24
16159.00,282,14,348.20
16160.00,65,22,1009.45
16161.00,2,486,5227.77
16162.00,253,2,37.40
16163.00,226,2,0.00
16164.00,18,35,802.53
16168.00,11,96,3494.80
16169.00,9,85,1822.97
16170.00,51,127,1880.42
16171.00,60,3,73.20
16172.00,96,69,1140.21
16173.00,16,87,1406.57
16174.00,127,23,1009.55
16175.00,95,58,1037.59
16177.00,51,15,331.95
16178.00,139,8,197.90
16179.00,61,11,215.83
16180.00,101,176,10217.48
16181.00,74,11,305.54
16182.00,73,28,6617.65
16183.00,68,15,338.71
16184.00,65,46,1155.54
16185.00,17,31,529.41
16186.00,23,199,3684.26
16187.00,32,297,6841.24
16188.00,45,67,981.86
16189.00,16,11,215.48
16190.00,41,6,215.08
16191.00,3,151,4913.32
16193.00,237,19,314.45
16198.00,76,15,400.68
16200.00,5,179,1080.62
16201.00,4,115,1821.52
16202.00,361,18,365.27
16203.00,59,25,418.45
16204.00,24,57,405.71
16205.00,31,98,761.38
16206.00,55,63,537.06
16207.00,26,19,394.38
16208.00,45,66,664.26
16209.00,89,46,2262.62
16210.00,2,98,16347.76
16211.00,82,24,542.77
16212.00,20,43,681.19
16213.00,79,6,159.00
16214.00,171,44,1062.75
16215.00,81,14,242.35
16216.00,268,37,914.93
16217.00,236,19,259.39
16218.00,30,62,2583.57
16221.00,37,85,698.12
16222.00,319,137,846.72
16224.00,58,96,1295.30
16225.00,45,134,1096.32
16226.00,204,8,255.12
16227.00,220,7,308.32
16229.00,88,47,1010.60
16230.00,190,35,542.03
16232.00,33,38,983.23
16233.00,72,23,274.73
16235.00,41,48,858.41
16236.00,79,20,432.20
16239.00,57,21,372.90
16240.00,9,142,3693.81
16241.00,10,648,2330.22
16242.00,9,295,3598.26
16243.00,34,51,409.10
16244.00,212,28,466.12
16245.00,24,93,1352.36
16247.00,171,16,114.56
16248.00,62,7,152.94
16249.00,53,69,1800.07
16250.00,262,10,163.30
16253.00,32,124,3665.62
16255.00,17,248,2235.05
16256.00,258,14,732.63
16257.00,177,2,46.95
16258.00,46,135,5203.51
16260.00,51,18,1035.45
16261.00,18,124,746.83
16262.00,361,3,-31.65
16265.00,10,260,5423.15
16266.00,74,61,861.89
16268.00,72,45,667.65
16270.00,354,54,1141.24
16271.00,3,134,1423.29
16272.00,117,25,411.70
16275.00,197,33,559.87
16276.00,177,6,810.60
16278.00,24,25,537.83
16279.00,22,109,1496.68
16281.00,73,17,2062.06
16282.00,340,11,168.30
16283.00,6,168,1531.51
16284.00,32,109,823.97
16287.00,170,8,142.50
16292.00,118,19,280.90
16293.00,9,104,1857.99
16295.00,10,79,1328.55
16297.00,213,23,275.40
16298.00,23,27,598.20
16302.00,108,12,212.82
16303.00,26,167,5305.83
16305.00,139,22,361.22
16306.00,214,42,534.17
16308.00,38,4,2560.00
16309.00,92,44,686.67
16311.00,18,37,616.26
16313.00,4,16,274.15
16315.00,331,14,226.37
16316.00,65,156,2755.56
16317.00,120,69,1341.65
16318.00,36,19,328.15
16319.00,218,3,404.40
16320.00,173,56,1038.46
16321.00,73,16,230.70
16322.00,2,37,326.75
16323.00,197,1,207.50
16324.00,129,118,428.68
16325.00,45,20,510.54
16326.00,6,320,3085.96
16327.00,15,253,3308.62
16330.00,18,41,242.21
16332.00,29,154,1583.20
16333.00,8,45,26626.80
16337.00,37,10,151.05
16338.00,158,11,214.80
16339.00,285,20,109.95
16340.00,108,153,549.07
16341.00,25,84,1959.38
16342.00,76,15,322.41
16343.00,17,47,370.48
16344.00,159,2,101.10
16345.00,45,38,575.41
16347.00,12,92,887.65
16348.00,33,235,1469.45
16349.00,291,9,53.50
16350.00,22,57,1116.47
16351.00,333,8,153.90
16352.00,18,28,494.44
16353.00,4,93,6471.71
16354.00,64,39,395.80
16356.00,198,32,210.32
16357.00,34,34,658.88
16358.00,2,110,2024.95
16359.00,8,70,1460.37
16360.00,5,671,3411.69
16361.00,10,106,896.66
16362.00,33,90,652.07
16363.00,54,5,109.36
16364.00,12,53,707.04
16365.00,18,45,1400.56
16366.00,19,18,327.30
16367.00,38,130,804.49
16368.00,3,76,497.43
16369.00,19,118,1553.66
16370.00,83,228,1320.56
16372.00,34,97,367.93
16374.00,67,111,473.03
16376.00,9,128,977.52
16377.00,268,5,676.20
16378.00,248,23,362.95
16379.00,5,109,2131.90
16380.00,62,32,1780.59
16383.00,75,102,668.36
16384.00,90,33,584.50
16385.00,61,38,407.66
16386.00,29,88,317.20
16387.00,323,4,94.36
16389.00,54,35,1362.27
16392.00,270,45,221.19
16393.00,3,348,2756.25
16394.00,51,100,1412.06
16395.00,61,210,1486.90
16398.00,145,86,1631.15
16399.00,20,73,408.57
16400.00,95,29,303.93
16401.00,2,198,4061.24
16402.00,265,3,87.80
16403.00,303,15,161.05
16404.00,71,23,443.05
16405.00,303,5,167.25
16406.00,19,62,163.07
16407.00,13,172,2126.93
16409.00,37,232,2028.88
16411.00,20,24,83.15
16412.00,54,35,151.83
16413.00,57,31,262.20
16414.00,22,7,126.25
16415.00,45,54,210.35
16416.00,27,73,1026.99
16418.00,45,102,675.27
16419.00,113,52,959.48
16422.00,18,386,32137.49
16423.00,25,18,346.12
16424.00,192,6,82.56
16425.00,303,21,302.70
16426.00,3,372,1908.25
16427.00,264,9,241.06
16428.00,82,1,-2.95
16429.00,107,2,284.55
16430.00,58,6,300.85
16431.00,214,83,642.81
16432.00,65,8,287.40
16433.00,29,17,184.26
16434.00,30,109,1522.25
16438.00,6,132,798.35
16440.00,8,282,3640.67
16441.00,68,24,381.20
16442.00,2,174,616.79
16444.00,47,86,638.77
16445.00,34,63,230.51
16446.00,1,4,2.90
16447.00,136,36,259.01
16448.00,199,20,188.89
16449.00,191,43,674.69
16450.00,150,11,311.92
16451.00,88,14,266.97
16454.00,45,3,-8.15
16455.00,64,80,1459.88
16456.00,100,95,1370.97
16457.00,219,9,208.36
16458.00,3,202,3482.74
16460.00,29,135,814.72
16461.00,178,33,151.42
16462.00,65,4,102.00
16463.00,22,85,1383.70
16464.00,20,236,1314.68
16466.00,34,148,1603.46
16468.00,75,2,74.90
16469.00,24,182,650.43
16470.00,52,171,757.44
16471.00,275,13,223.95
16473.00,165,19,314.86
16474.00,8,368,1811.47
16475.00,89,28,544.30
16477.00,64,132,2268.81
16478.00,26,17,331.00
16479.00,11,35,300.83
16480.00,76,53,769.29
16482.00,16,18,220.62
16483.00,193,19,139.35
16484.00,174,26,379.40
16485.00,78,42,363.65
16488.00,34,31,492.20
16491.00,47,39,731.50
16493.00,73,62,1329.66
16494.00,297,50,826.53
16495.00,4,97,684.41
16496.00,9,97,1562.22
16497.00,50,136,2965.69
16498.00,162,16,86.12
16499.00,361,21,337.00
16500.00,5,11,400.86
16503.00,107,86,1421.43
16504.00,26,86,484.38
16505.00,32,4,777.60
16506.00,20,3,90.30
16509.00,297,13,363.70
16511.00,22,169,950.26
16513.00,5,35,874.59
16515.00,53,113,1627.13
16516.00,31,6,101.70
16517.00,278,17,162.70
16518.00,62,42,480.92
16519.00,26,8,111.38
16520.00,187,97,710.86
16523.00,2,298,9295.67
16525.00,3,191,11484.13
16526.00,172,15,290.36
16527.00,82,14,228.06
16528.00,4,17,244.41
16529.00,191,30,455.25
16531.00,23,77,1244.59
16532.00,18,4,6748.80
16533.00,20,181,1026.94
16535.00,6,31,593.75
16536.00,108,56,539.02
16539.00,3,24,946.46
16542.00,54,5,119.62
16545.00,165,3,339.30
16546.00,291,19,487.75
16549.00,11,981,4154.64
16550.00,109,210,1720.64
16551.00,96,32,922.12
16552.00,243,12,284.44
16553.00,164,85,5668.82
16554.00,4,74,641.55
16555.00,36,17,285.89
16556.00,67,207,3313.79
16557.00,25,11,281.85
16558.00,1,447,7687.64
16560.00,22,57,816.51
16561.00,6,31,511.12
16563.00,54,19,1077.74
16565.00,365,3,173.70
16566.00,16,19,614.01
16567.00,195,35,865.60
16569.00,4,5,124.20
16570.00,9,133,3622.95
16571.00,4,106,1285.22
16572.00,128,58,999.70
16573.00,74,46,648.41
16574.00,72,28,451.44
16581.00,156,11,70.44
16582.00,114,6,313.62
16584.00,81,31,908.03
16586.00,249,8,463.95
16587.00,233,13,225.15
16589.00,72,33,459.24
16591.00,69,10,213.50
16592.00,5,222,4073.28
16593.00,51,27,330.03
16594.00,76,53,181.09
16595.00,62,85,360.16
16596.00,16,6,129.50
16597.00,5,7,90.04
16598.00,278,11,140.70
16600.00,5,62,813.52
16601.00,41,31,244.80
16602.00,32,32,494.73
16603.00,75,34,482.47
16607.00,18,174,3038.67
16609.00,16,280,5450.96
16610.00,220,6,75.66
16611.00,187,11,120.99
16612.00,33,66,1187.66
16613.00,71,30,618.59
16614.00,183,26,506.19
16616.00,16,33,500.42
16617.00,236,5,151.85
16618.00,32,97,2630.64
16619.00,254,16,204.41
16620.00,4,9,178.96
16621.00,52,29,813.48
16623.00,246,5,129.45
16624.00,81,48,810.57
16625.00,275,23,333.08
16626.00,1,184,4379.65
16627.00,80,20,322.80
16628.00,30,119,2183.04
16629.00,74,64,417.73
16633.00,18,153,2878.15
16634.00,223,1,53.10
16637.00,33,72,1124.59
16638.00,23,93,1626.07
16639.00,26,52,1169.38
16641.00,106,12,231.10
16642.00,5,35,679.83
16643.00,246,27,487.51
16644.00,178,62,833.78
16647.00,170,14,214.06
16648.00,39,21,270.86
16650.00,72,24,518.42
16652.00,54,123,6654.26
16653.00,17,76,1166.92
16654.00,142,22,367.57
16655.00,18,261,3794.52
16656.00,23,80,8568.24
16657.00,10,208,933.62
16659.00,190,2,39.12
16660.00,17,17,810.45
16665.00,363,9,135.40
16666.00,20,32,118.98
16667.00,69,53,570.13
16668.00,16,20,306.72
16669.00,24,161,1370.87
16670.00,17,262,4022.46
16671.00,29,6,1692.27
16672.00,3,117,8093.59
16674.00,55,98,319.61
16676.00,34,92,1558.72
16678.00,3,170,3013.83
16680.00,44,10,183.70
16681.00,73,44,1770.34
16682.00,5,30,1028.00
16684.00,5,281,65892.08
16685.00,62,62,324.24
16686.00,48,588,3043.48
16688.00,2,62,1260.86
16689.00,76,16,303.26
16690.00,44,13,208.63
16692.00,257,3,1276.00
16693.00,69,60,482.01
16696.00,136,10,657.90
16697.00,242,21,112.75
16698.00,227,5,1998.00
16700.00,9,298,4703.06
16701.00,9,154,5150.27
16705.00,1,284,13946.13
16706.00,38,123,531.35
16708.00,46,27,656.63
16709.00,85,79,3029.87
16710.00,20,344,2107.57
16711.00,4,22,1651.03
16712.00,10,447,3645.43
16713.00,19,571,6433.75
16714.00,219,94,911.53
16715.00,79,19,301.72
16716.00,267,3,319.80
16717.00,10,221,2971.11
16719.00,15,159,1343.19
16720.00,27,27,155.24
16721.00,263,37,292.47
16722.00,18,187,3911.69
16723.00,92,43,589.15
16725.00,303,127,652.92
16726.00,27,185,1382.02
16727.00,365,46,272.82
16728.00,47,269,1054.67
16729.00,37,668,7076.28
16730.00,53,84,702.79
16732.00,32,28,603.75
16734.00,53,53,650.51
16735.00,79,128,2269.21
16737.00,54,1,417.60
16738.00,298,1,3.75
16739.00,173,16,312.55
16742.00,47,4,0.00
16743.00,30,193,2191.84
16744.00,12,242,1304.76
16745.00,87,358,7170.70
16746.00,5,452,6694.31
16747.00,26,45,826.96
16748.00,18,69,1515.90
16750.00,45,95,623.93
16751.00,31,25,1764.72
16753.00,59,34,223.92
16755.00,115,176,1484.63
16756.00,215,13,239.40
16757.00,319,7,106.83
16758.00,66,22,369.34
16759.00,8,43,772.84
16761.00,97,13,316.62
16762.00,20,89,1501.38
16763.00,186,24,594.90
16764.00,4,718,2758.25
16765.00,295,1,34.00
16766.00,274,34,1145.60
16767.00,31,222,5580.60
16768.00,48,58,458.04
16769.00,261,40,380.39
16770.00,58,140,614.10
16771.00,34,255,2246.81
16773.00,58,26,171.59
16774.00,68,49,654.92
16775.00,11,140,1463.76
16776.00,61,76,388.28
16777.00,81,50,226.35
16778.00,75,16,245.94
16779.00,3,335,10097.14
16780.00,101,60,425.19
16782.00,11,146,1876.50
16784.00,20,3,107.60
16788.00,124,155,597.48
16789.00,9,5,80.80
16790.00,4,95,1520.12
16791.00,30,322,1706.28
16792.00,283,12,110.38
16793.00,58,16,243.84
16794.00,2,287,1201.51
16796.00,90,18,305.62
16800.00,12,164,1201.49
16801.00,164,121,867.83
16803.00,66,24,332.30
16804.00,24,60,536.99
16805.00,174,98,460.59
16806.00,104,103,801.49
16807.00,143,67,1121.59
16808.00,100,23,288.42
16809.00,24,150,912.74
16810.00,193,16,275.64
16811.00,5,28,547.07
16812.00,361,15,479.35
16813.00,9,449,1692.98
16814.00,15,310,6227.31
16816.00,104,28,417.06
16817.00,3,81,1245.25
16818.00,11,190,3317.97
16820.00,96,26,497.61
16823.00,228,38,358.38
16824.00,16,26,460.64
16825.00,39,28,775.18
16826.00,52,22,341.70
16828.00,94,8,128.50
16829.00,157,11,197.22
16830.00,39,23,325.91
16832.00,185,12,199.15
16833.00,2,47,1106.53
16834.00,228,24,413.46
16835.00,129,5,99.10
16836.00,40,11,251.87
16837.00,32,166,3167.73
16838.00,198,26,582.90
16839.00,9,293,14805.54
16841.00,37,117,1774.62
16842.00,65,64,1260.44
16843.00,43,379,10183.82
16846.00,51,11,214.32
16847.00,44,12,193.44
16848.00,53,14,281.42
16849.00,187,8,124.57
16850.00,334,19,332.41
16851.00,5,20,342.45
16852.00,11,9,144.91
16855.00,24,19,328.40
16856.00,15,2,35.40
16859.00,107,72,473.14
16861.00,60,6,173.76
16863.00,30,19,317.10
16866.00,141,11,207.74
16869.00,23,129,805.62
16871.00,23,139,2761.49
16872.00,78,7,680.02
16873.00,5,289,7066.31
16875.00,65,123,2023.47
16877.00,13,159,853.72
16878.00,25,6,0.00
16880.00,31,178,1519.08
16881.00,67,1,432.00
16882.00,67,39,705.12
16883.00,188,21,148.70
16884.00,38,26,429.84
16885.00,16,101,471.51
16887.00,36,37,194.88
16889.00,195,135,1578.67
16891.00,2,134,577.44
16892.00,2,101,496.84
16895.00,65,69,219.14
16897.00,300,44,213.03
16898.00,27,130,392.73
16899.00,8,125,1281.56
16900.00,12,82,187.69
16902.00,117,44,1706.88
16903.00,30,60,373.24
16904.00,5,679,3415.57
16905.00,6,199,2831.08
16906.00,82,93,579.77
16907.00,30,117,799.63
16909.00,65,19,364.14
16910.00,5,547,1510.06
16912.00,24,105,2528.67
16913.00,291,8,113.44
16914.00,37,38,208.46
16915.00,10,57,621.68
16916.00,24,93,378.18
16917.00,277,9,391.52
16918.00,50,130,1043.34
16919.00,157,305,2398.10
16921.00,62,60,169.79
16923.00,13,696,6666.83
16924.00,22,89,739.50
16927.00,116,6,543.05
16928.00,81,207,2665.25
16929.00,4,77,1295.39
16930.00,27,54,380.55
16931.00,6,857,4452.17
16932.00,54,53,161.94
16933.00,2,49,530.08
16934.00,55,62,950.93
16936.00,26,57,262.68
16938.00,9,242,1903.13
16940.00,53,305,3049.88
16942.00,13,283,1894.11
16943.00,212,33,816.73
16945.00,22,249,4345.50
16947.00,236,21,406.48
16948.00,139,19,435.02
16949.00,4,61,1161.27
16950.00,57,39,1006.56
16951.00,124,87,1262.75
16952.00,110,16,167.61
16953.00,31,1,20.80
16954.00,1,54,2085.08
16955.00,185,19,304.57
16956.00,10,18,292.34
16957.00,240,16,416.64
16959.00,88,7,117.35
16960.00,39,101,507.05
16961.00,117,14,234.17
16963.00,188,7,110.55
16965.00,227,26,201.19
16966.00,9,31,2148.47
16967.00,190,21,319.02
16968.00,5,31,439.43
16969.00,40,42,650.41
16971.00,3,42,232.21
16976.00,268,2,251.52
16978.00,78,39,344.33
16979.00,4,91,1809.05
16980.00,256,87,1078.96
16982.00,61,22,384.06
16983.00,13,140,1756.71
16984.00,79,418,4392.42
16985.00,18,121,5461.62
16986.00,30,3,1873.20
16987.00,4,129,1625.05
16988.00,6,7,126.12
16989.00,8,12,1133.25
16990.00,219,1,179.00
16992.00,11,95,1601.86
16996.00,31,41,1427.46
16997.00,289,12,702.00
16998.00,150,6,287.02
16999.00,24,23,484.82
17001.00,1,169,3989.57
17002.00,74,50,1487.78
17004.00,47,44,1412.94
17006.00,5,44,781.78
17007.00,51,53,877.43
17010.00,17,12,185.46
17011.00,31,15,270.90
17014.00,9,75,565.58
17015.00,29,217,1842.56
17017.00,3,222,7040.49
17018.00,41,16,920.10
17019.00,12,185,913.79
17022.00,32,7,71.00
17024.00,46,3,95.85
17025.00,61,4,196.80
17026.00,186,1,121.68
17027.00,79,155,848.59
17029.00,111,2,716.00
17030.00,64,11,146.87
17031.00,12,22,380.35
17033.00,87,28,1030.14
17034.00,17,32,734.57
17035.00,246,32,388.33
17037.00,79,77,1253.22
17038.00,31,22,112.40
17040.00,138,15,449.73
17041.00,27,71,1065.77
17042.00,3,98,1044.38
17043.00,33,102,1735.18
17044.00,9,10,897.43
17045.00,114,22,339.44
17046.00,158,22,642.02
17047.00,86,65,1100.90
17048.00,116,48,864.32
17049.00,3,322,5594.78
17050.00,97,316,3228.84
17051.00,195,43,247.14
17052.00,29,92,413.75
17053.00,129,14,496.38
17054.00,29,84,1353.83
17058.00,82,62,1179.89
17059.00,30,399,2372.68
17060.00,267,5,234.24
17061.00,74,101,5116.13
17062.00,314,32,240.04
17063.00,9,82,1421.59
17064.00,59,62,859.35
17065.00,144,1,-112.35
17068.00,13,273,4365.19
17069.00,29,143,2378.17
17070.00,115,64,312.14
17071.00,9,148,2385.48
17073.00,18,174,1446.09
17075.00,18,80,813.77
17076.00,37,25,841.08
17078.00,37,28,378.20
17079.00,79,2,118.80
17080.00,23,9,285.50
17081.00,26,64,290.16
17082.00,34,81,2003.85
17083.00,110,52,1405.78
17084.00,36,162,2949.75
17085.00,124,189,1555.05
17086.00,8,96,2050.08
17088.00,29,115,1991.01
17090.00,5,64,2041.85
17091.00,3,185,3509.36
17092.00,51,125,1777.78
17094.00,319,15,270.20
17095.00,23,77,1088.20
17096.00,10,52,992.68
17097.00,3,173,763.20
17100.00,19,65,971.74
17101.00,11,42,1621.73
17102.00,262,1,25.50
17105.00,160,90,665.78
17107.00,33,421,10380.43
17109.00,30,121,869.68
17110.00,166,12,163.30
17111.00,48,30,248.61
17114.00,6,135,747.22
17115.00,9,43,806.90
17117.00,289,9,116.20
17118.00,318,10,157.02
17119.00,4,38,593.61
17120.00,234,18,307.46
17122.00,120,7,138.32
17123.00,162,9,345.30
17124.00,186,32,298.89
17125.00,51,40,259.35
17126.00,153,262,991.85
17128.00,335,14,157.09
17131.00,6,134,2463.17
17133.00,16,27,4892.24
17134.00,107,24,425.00
17135.00,17,43,924.15
17138.00,276,24,380.50
17139.00,16,487,10585.57
17140.00,248,20,465.32
17142.00,240,15,579.00
17144.00,2,48,984.57
17146.00,106,35,749.78
17147.00,23,85,1679.64
17148.00,52,9,124.88
17152.00,195,16,1503.50
17153.00,25,14,213.78
17154.00,76,23,329.34
17155.00,18,20,251.70
17157.00,8,15,306.55
17158.00,33,67,1266.97
17159.00,22,102,1534.73
17160.00,32,229,3518.03
17162.00,29,105,1707.21
17163.00,22,5,293.10
17164.00,33,145,2466.40
17165.00,285,10,158.68
17166.00,39,14,189.49
17169.00,51,60,816.88
17171.00,290,16,224.91
17172.00,75,16,313.26
17173.00,6,87,3755.65
17174.00,218,4,59.90
17175.00,45,64,1430.94
17176.00,202,15,306.13
17179.00,179,80,711.79
17180.00,57,131,780.38
17181.00,58,21,84.40
17183.00,8,76,3286.91
17186.00,47,2,144.00
17187.00,227,10,203.95
17188.00,12,89,2275.58
17189.00,107,61,384.40
17190.00,59,20,249.74
17191.00,29,165,1585.02
17193.00,36,35,1674.46
17194.00,274,29,262.62
17197.00,30,29,1013.01
17198.00,24,19,170.56
17201.00,54,40,342.63
17203.00,36,152,3563.85
17204.00,170,67,1352.91
17205.00,54,13,384.08
17206.00,54,7,204.24
17211.00,27,180,2026.37
17212.00,254,4,226.85
17213.00,41,149,2428.18
17214.00,61,104,984.12
17217.00,235,9,113.50
17218.00,5,223,1668.18
17219.00,32,25,114.23
17220.00,25,472,3198.25
17221.00,8,63,335.13
17222.00,66,28,354.15
17223.00,311,19,133.95
17226.00,309,21,393.49
17227.00,19,37,797.07
17228.00,16,178,1550.14
17229.00,97,47,318.76
17230.00,265,73,3466.67
17231.00,13,546,3127.82
17232.00,3,36,421.52
17233.00,36,25,190.88
17234.00,183,14,149.89
17235.00,26,19,208.16
17236.00,13,105,916.13
17237.00,12,19,314.69
17238.00,3,506,3374.56
17239.00,313,16,379.95
17242.00,109,40,1135.04
17243.00,2,396,8371.65
17244.00,54,31,954.90
17245.00,205,9,171.45
17247.00,16,55,282.19
17248.00,121,69,318.65
17250.00,4,57,384.52
17251.00,363,39,283.28
17252.00,117,87,353.86
17253.00,19,18,178.26
17254.00,5,112,272.44
17255.00,41,78,298.41
17256.00,108,16,240.00
17259.00,149,37,221.73
17262.00,53,10,984.50
17263.00,209,23,63.44
17265.00,139,127,562.90
17266.00,3,80,310.64
17267.00,128,38,317.62
17268.00,108,6,763.64
17272.00,43,116,2144.53
17274.00,36,27,111.98
17277.00,228,69,1065.35
17278.00,242,15,246.04
17279.00,58,9,187.83
17282.00,131,94,1703.41
17284.00,61,294,1641.68
17286.00,22,45,153.92
17287.00,27,102,841.41
17288.00,10,142,1419.73
17289.00,32,112,936.16
17290.00,4,102,525.24
17291.00,309,1,550.80
17293.00,9,135,1875.11
17295.00,29,69,556.95
17297.00,18,51,131.78
17298.00,102,30,498.42
17299.00,12,57,669.11
17301.00,22,66,197.63
17302.00,15,81,1119.93
17303.00,362,53,250.04
17306.00,11,69,8600.73
17309.00,96,12,82.75
17311.00,79,55,1384.85
17312.00,139,14,644.30
17313.00,18,28,2288.13
17314.00,25,136,2514.76
17315.00,1,487,6204.46
17317.00,47,11,2524.02
17320.00,101,51,749.70
17321.00,9,107,700.86
17323.00,16,204,908.99
17324.00,18,44,863.18
17325.00,281,6,96.80
17329.00,15,33,523.11
17330.00,23,6,363.90
17331.00,124,1,175.20
17333.00,86,28,494.25
17334.00,302,12,306.60
17337.00,152,548,1944.32
17338.00,18,757,6612.18
17339.00,95,5,183.36
17340.00,10,337,9487.03
17341.00,157,22,267.76
17343.00,356,17,193.64
17344.00,47,32,160.57
17345.00,16,87,537.74
17346.00,4,468,2464.97
17347.00,87,1,228.96
17348.00,15,215,1159.52
17349.00,180,9,110.75
17350.00,9,72,1256.19
17351.00,37,27,587.15
17353.00,130,8,1740.00
17354.00,51,16,1393.06
17356.00,312,19,178.22
17357.00,25,45,388.14
17358.00,304,59,365.85
17359.00,12,15,127.86
17360.00,18,132,585.79
17361.00,50,29,488.20
17362.00,240,35,312.23
17364.00,1,414,4455.73
17365.00,13,468,4801.56
17367.00,239,34,168.40
17368.00,24,128,1349.52
17370.00,73,33,446.18
17371.00,18,87,423.89
17372.00,41,253,1342.68
17373.00,41,57,646.92
17374.00,219,28,495.77
17375.00,191,71,372.50
17376.00,71,24,203.20
17377.00,24,384,3337.62
17379.00,12,83,404.66
17381.00,9,99,16668.71
17382.00,66,2,65.40
17383.00,5,51,199.29
17384.00,20,15,336.40
17385.00,15,47,261.11
17386.00,8,28,2686.42
17387.00,20,78,784.11
17388.00,78,15,1259.56
17389.00,1,224,31300.08
17391.00,164,3,508.80
17392.00,307,62,457.91
17394.00,220,4,203.87
17396.00,40,24,6933.30
17397.00,23,92,696.41
17398.00,115,38,653.38
17400.00,127,213,2129.96
17402.00,5,35,2173.88
17403.00,37,33,281.62
17404.00,5,201,30300.82
17405.00,2,94,967.22
17406.00,331,97,1226.62
17408.00,164,2,32.65
17409.00,185,13,771.85
17410.00,17,64,1214.72
17411.00,13,41,778.94
17412.00,3,58,1060.76
17414.00,44,6,778.00
17415.00,80,14,507.84
17416.00,30,271,6838.34
17418.00,43,30,463.46
17419.00,12,189,3826.70
17420.00,51,23,467.98
17422.00,17,135,1853.13
17423.00,46,28,663.63
17425.00,20,43,759.17
17426.00,5,272,5022.26
17427.00,72,2,100.80
17428.00,1,334,16725.45
17429.00,121,42,512.12
17430.00,33,9,153.16
17431.00,314,43,403.30
17432.00,19,48,365.76
17433.00,89,54,303.16
17434.00,3,138,2333.42
17436.00,2,9,216.30
17438.00,248,19,378.30
17440.00,148,8,177.10
17442.00,30,139,2227.26
17443.00,220,1,534.24
17444.00,148,135,2940.04
17446.00,177,9,120.90
17447.00,41,36,541.53
17448.00,145,1,-4287.63
17449.00,3,279,2504.86
17450.00,9,348,185453.33
17451.00,2,107,1648.95
17453.00,18,19,486.72
17454.00,193,61,517.53
17455.00,204,8,131.70
17457.00,127,19,1737.70
17458.00,16,54,316.50
17459.00,44,111,657.30
17460.00,79,35,382.33
17461.00,23,111,757.46
17462.00,52,28,662.94
17463.00,17,219,1881.36
17464.00,159,9,289.96
17466.00,11,41,763.28
17468.00,11,5,137.00
17469.00,17,90,1843.06
17470.00,45,67,946.67
17472.00,192,181,710.29
17475.00,80,14,194.37
17480.00,74,31,506.51
17481.00,4,83,1249.34
17483.00,66,21,414.04
17486.00,262,24,396.87
17489.00,59,29,376.64
17490.00,1,86,1926.88
17491.00,2,105,3214.52
17492.00,249,12,374.57
17495.00,8,27,497.56
17496.00,359,10,271.05
17498.00,76,17,272.22
17499.00,290,40,622.88
17500.00,18,5,1138.00
17501.00,221,18,288.60
17502.00,10,28,689.10
17503.00,3,38,558.96
17504.00,207,140,2745.28
17505.00,162,52,1145.84
17506.00,71,16,294.29
17507.00,262,88,605.58
17508.00,281,22,387.31
17509.00,58,369,6100.74
17510.00,25,20,308.48
17511.00,3,1019,84731.02
17512.00,29,106,2920.04
17513.00,73,6,513.20
17514.00,129,40,208.65
17515.00,32,87,639.02
17516.00,16,137,768.08
17517.00,309,11,153.94
17519.00,18,65,1503.77
17520.00,54,30,546.81
17521.00,25,46,721.96
17522.00,2,73,1070.71
17523.00,12,33,652.74
17524.00,362,6,145.00
17525.00,360,9,422.70
17526.00,2,18,479.90
17527.00,54,49,888.86
17528.00,2,260,3540.10
17530.00,2,329,2084.36
17531.00,121,15,293.45
17534.00,54,9,223.36
17535.00,281,13,164.40
17536.00,178,3,76.50
17537.00,30,75,897.62
17538.00,26,9,98.42
17540.00,9,26,570.40
17542.00,270,25,170.75
17545.00,44,145,645.96
17548.00,218,10,0.00
17549.00,24,6,148.86
17550.00,198,42,267.16
17551.00,360,43,306.84
17552.00,43,38,611.44
17553.00,130,2,1487.60
17554.00,2,88,1952.45
17555.00,20,106,483.26
17556.00,206,6,157.90
17557.00,15,34,541.46
17560.00,95,26,854.95
17561.00,20,46,167.62
17562.00,15,64,1107.38
17564.00,25,49,454.01
17566.00,9,152,901.21
17567.00,8,150,3494.61
17569.00,333,29,344.14
17571.00,51,299,1498.51
17572.00,72,8,155.95
17573.00,30,26,362.90
17574.00,243,8,185.65
17576.00,9,405,3338.13
17578.00,191,6,124.74
17579.00,5,52,440.20
17580.00,253,45,215.72
17581.00,1,414,9949.33
17582.00,237,29,175.27
17584.00,8,36,1227.30
17585.00,110,214,1133.07
17588.00,101,23,1240.20
17589.00,61,253,2404.17
17590.00,3,201,1479.22
17591.00,74,87,1808.42
17593.00,4,215,3911.56
17594.00,86,50,993.18
17595.00,13,83,388.79
17596.00,24,210,2435.31
17597.00,214,55,2044.37
17600.00,18,13,161.67
17601.00,240,9,116.01
17602.00,3,565,5050.77
17603.00,51,15,-1165.30
17604.00,218,63,309.36
17608.00,34,59,193.42
17609.00,41,238,1103.92
17611.00,4,582,3947.87
17612.00,54,142,1992.76
17613.00,23,319,4509.37
17614.00,58,100,390.07
17615.00,131,14,329.60
17616.00,174,2,244.80
17618.00,6,78,971.58
17619.00,313,77,218.52
17620.00,60,4,81.44
17621.00,22,27,1336.10
17623.00,33,33,527.05
17624.00,15,50,843.48
17625.00,19,315,2047.00
17628.00,82,5,75.75
17629.00,6,124,1784.12
17630.00,170,26,503.60
17631.00,2,39,528.33
17633.00,32,72,1242.34
17634.00,37,297,2361.97
17636.00,9,24,265.93
17637.00,32,35,547.06
17639.00,277,7,108.50
17640.00,87,5,621.66
17642.00,120,40,712.29
17644.00,2,169,2768.98
17646.00,220,45,744.66
17647.00,66,7,133.06
17648.00,61,92,1789.55
17649.00,135,53,861.74
17650.00,22,8,166.08
17651.00,12,239,3886.67
17652.00,26,270,4737.13
17653.00,30,50,1175.88
17654.00,278,22,117.55
17655.00,11,84,1895.64
17656.00,74,82,1674.69
17658.00,11,23,485.88
17659.00,4,149,2706.95
17660.00,142,45,196.00
17663.00,26,90,1788.27
17664.00,19,43,604.64
17666.00,4,18,728.16
17667.00,67,116,2055.51
17668.00,2,15,347.75
17669.00,43,68,3406.72
17670.00,228,11,205.70
17671.00,16,44,889.90
17672.00,44,115,3106.62
17673.00,2,228,1622.22
17674.00,75,16,250.38
17675.00,2,708,19556.58
17676.00,5,64,1082.57
17677.00,2,295,14602.62
17678.00,264,16,298.11
17679.00,53,30,1992.11
17680.00,24,11,184.40
17682.00,11,101,2067.83
17684.00,44,15,239.41
17685.00,17,118,2739.01
17686.00,8,286,5739.46
17690.00,31,240,4300.25
17691.00,359,10,147.90
17692.00,128,47,733.44
17693.00,137,18,187.02
17694.00,142,15,283.12
17695.00,132,35,765.34
17696.00,39,126,2201.05
17697.00,237,19,338.95
17698.00,261,8,154.95
17700.00,17,143,2518.74
17701.00,253,24,417.95
17702.00,31,75,1807.87
17703.00,36,55,798.74
17704.00,169,31,885.19
17705.00,4,108,1781.12
17706.00,5,367,9619.54
17707.00,186,5,152.40
17708.00,188,35,267.08
17709.00,170,7,137.45
17711.00,11,23,385.10
17712.00,45,29,522.91
17714.00,321,10,153.00
17715.00,201,1,326.40
17716.00,23,254,5505.79
17718.00,233,6,139.35
17719.00,38,278,5367.80
17720.00,27,49,1093.94
17722.00,97,75,1470.50
17723.00,128,10,3276.40
17724.00,58,45,995.65
17725.00,17,198,3371.13
17727.00,10,67,1042.55
17728.00,4,169,2515.68
17730.00,4,220,5288.83
17731.00,80,83,878.20
17733.00,39,35,692.19
17734.00,54,43,700.63
17735.00,3,668,12655.42
17736.00,10,26,337.49
17737.00,10,10,168.24
17738.00,20,99,1863.35
17739.00,12,48,2786.05
17742.00,114,15,355.11
17744.00,4,137,2291.08
17746.00,235,8,98.80
17747.00,101,2,64.65
17749.00,179,35,674.52
17750.00,6,193,1797.57
17752.00,360,1,80.64
17754.00,1,93,1739.92
17757.00,2,700,5293.04
17758.00,20,412,3456.70
17759.00,18,95,834.99
17760.00,22,16,115.05
17761.00,33,19,712.78
17763.00,264,1,15.00
17764.00,51,75,818.82
17765.00,159,57,371.88
17767.00,16,21,271.20
17768.00,9,105,2273.18
17769.00,13,313,3960.63
17770.00,199,38,1143.27
17771.00,57,54,245.81
17772.00,11,53,182.77
17774.00,97,157,1215.46
17775.00,255,3,56.40
17777.00,25,194,665.86
17779.00,22,84,642.17
17781.00,160,12,188.02
17783.00,73,67,283.47
17785.00,54,13,131.94
17786.00,86,72,278.74
17787.00,153,103,1128.91
17788.00,74,5,1117.90
17789.00,282,14,225.90
17790.00,27,190,1965.55
17791.00,30,10,106.10
17793.00,26,58,323.04
17795.00,180,46,350.39
17796.00,41,63,583.25
17797.00,23,111,780.43
17799.00,23,410,3026.08
17800.00,38,104,1199.01
17802.00,83,135,1151.64
17805.00,74,10,512.31
17806.00,12,43,546.04
17809.00,17,49,3376.12
17811.00,5,872,7677.71
17812.00,13,108,514.61
17813.00,15,378,1714.60
17816.00,37,7,20.35
17817.00,5,33,387.68
17819.00,72,37,3069.60
17820.00,192,5,-24.05
17824.00,52,13,298.40
17827.00,6,220,1995.46
17828.00,9,82,1599.97
17829.00,299,30,889.24
17830.00,2,23,398.70
17831.00,34,2,35.40
17832.00,50,61,155.37
17835.00,3,61,350.64
17836.00,48,24,110.21
17837.00,43,172,1560.53
17838.00,27,94,1377.14
17839.00,43,56,338.80
17841.00,2,7793,38808.72
17843.00,304,37,205.48
17844.00,107,5,51.56
17846.00,86,1,2033.10
17848.00,82,51,901.20
17849.00,219,26,605.80
17850.00,303,15,-102.58
17852.00,12,24,114.34
17854.00,186,15,311.26
17856.00,2,17,1393.79
17857.00,4,52,25428.14
17858.00,6,180,4904.41
17859.00,305,25,148.21
17861.00,4,223,2059.20
17862.00,324,11,330.90
17863.00,60,127,2775.28
17864.00,13,102,597.50
17865.00,31,389,10158.54
17866.00,143,10,325.70
17867.00,31,81,622.75
17869.00,108,24,213.86
17870.00,3,279,1563.00
17871.00,205,10,155.90
17873.00,81,37,1549.21
17874.00,186,47,658.26
17877.00,171,12,237.61
17878.00,44,26,379.45
17879.00,174,6,178.52
17880.00,365,26,458.92
17881.00,305,8,133.35
17883.00,4,145,671.77
17884.00,4,53,392.83
17885.00,13,64,190.19
17886.00,32,109,899.61
17887.00,130,10,111.35
17888.00,19,81,525.78
17889.00,213,21,203.87
17890.00,323,94,602.09
17891.00,163,34,203.86
17892.00,57,28,244.10
17893.00,226,16,112.25
17894.00,72,182,1013.04
17895.00,45,16,98.00
17896.00,24,2,256.32
17897.00,173,42,131.98
17898.00,86,28,152.06
17899.00,160,32,155.80
17900.00,165,11,15.00
17901.00,30,19,110.38
17904.00,22,39,178.92
17905.00,72,11,598.49
17906.00,248,12,72.90
17911.00,10,39,366.23
17912.00,311,40,295.61
17913.00,59,59,411.60
17914.00,4,80,336.43
17917.00,46,94,341.28
17919.00,89,23,1304.04
17920.00,5,601,3468.19
17921.00,65,145,826.52
17923.00,283,1,207.50
17924.00,2,34,2638.58
17926.00,134,21,397.29
17928.00,46,23,212.54
17929.00,12,6,834.50
17930.00,36,39,1740.48
17931.00,135,65,408.36
17932.00,30,90,1331.57
17934.00,52,21,704.25
17935.00,139,29,145.79
17936.00,6,77,389.84
17937.00,9,43,4301.22
17939.00,160,12,99.14
17940.00,50,23,1983.58
17941.00,131,2,304.56
17942.00,8,2,77.50
17946.00,234,20,149.58
17947.00,38,9,176.68
17948.00,148,1,358.56
17949.00,2,78,51436.84
17950.00,73,32,219.03
17951.00,40,16,695.34
17954.00,6,472,2196.54
17955.00,199,19,557.30
17956.00,250,1,12.75
17957.00,67,31,111.68
17958.00,117,7,508.46
17960.00,172,26,73.78
17961.00,22,220,1168.89
17962.00,143,35,102.83
17964.00,32,69,209.94
17965.00,38,305,2465.77
17966.00,38,68,1098.43
17969.00,167,14,228.20
17970.00,212,31,582.59
17972.00,242,31,136.04
17973.00,52,15,337.04
17974.00,25,179,740.79
17975.00,16,289,4079.51
17977.00,30,21,288.14
17979.00,36,147,737.81
17980.00,166,30,811.45
17984.00,146,48,152.68
17985.00,23,23,634.95
17986.00,57,1,20.80
17987.00,186,13,198.57
17988.00,12,39,191.17
17990.00,237,29,630.84
17991.00,226,5,93.35
17994.00,122,84,629.69
17995.00,282,2,76.10
17997.00,75,180,1511.30
17999.00,38,55,191.72
18001.00,13,58,417.23
18004.00,363,40,169.47
18005.00,4,60,249.72
18006.00,24,22,444.68
18008.00,71,30,2116.19
18009.00,236,33,252.24
18010.00,257,14,174.80
18013.00,156,31,187.29
18014.00,29,32,166.42
18015.00,5,46,120.03
18016.00,33,123,1483.56
18017.00,82,3,523.00
18018.00,109,29,122.14
18019.00,52,5,38.45
18022.00,36,191,668.11
18024.00,153,22,236.78
18027.00,99,21,115.31
18030.00,5,10,220.70
18032.00,335,5,73.50
18033.00,66,34,97.97
18034.00,22,112,422.88
18035.00,36,53,730.40
18036.00,33,96,405.62
18037.00,155,19,70.02
18040.00,20,19,357.20
18041.00,12,364,3526.85
18042.00,54,7,165.05
18043.00,25,55,243.05
18044.00,5,128,2085.65
18045.00,46,47,189.40
18048.00,204,7,172.29
18050.00,360,5,74.40
18053.00,67,21,297.07
18055.00,8,316,5751.66
18056.00,289,19,363.65
18058.00,10,3,170.16
18059.00,10,20,296.71
18061.00,22,40,1714.25
18062.00,174,27,720.52
18064.00,134,7,814.00
18065.00,6,138,2380.08
18066.00,76,10,318.00
18067.00,41,37,396.33
18068.00,290,1,101.70
18069.00,27,472,2021.82
18071.00,258,11,194.05
18072.00,156,36,-0.00
18073.00,115,76,3864.44
18075.00,24,153,2538.72
18077.00,9,208,2428.14
18078.00,218,29,336.13
18079.00,46,127,3651.97
18080.00,19,2,1231.50
18081.00,37,17,343.45
18082.00,26,73,703.37
18084.00,17,2,87.53
18085.00,331,20,386.05
18086.00,275,7,101.34
18087.00,99,7,3770.12
18088.00,62,39,167.67
18092.00,3,80,7580.04
18093.00,94,38,2083.42
18094.00,82,70,3017.30
18095.00,313,21,580.05
18096.00,12,213,911.15
18097.00,8,109,2692.85
18099.00,128,19,168.31
18101.00,12,41,223.65
18102.00,1,415,228603.88
18104.00,38,38,754.64
18105.00,38,18,113.48
18106.00,330,39,430.70
18108.00,249,19,264.65
18109.00,2,440,7647.87
18110.00,20,49,206.05
18112.00,13,26,352.69
18114.00,291,28,220.10
18116.00,68,378,1418.03
18117.00,26,74,320.72
18118.00,11,1166,5119.91
18120.00,215,17,111.15
18121.00,150,32,673.10
18122.00,9,364,1826.21
18123.00,25,36,589.44
18125.00,30,197,1141.34
18126.00,61,56,206.83
18127.00,20,47,348.73
18129.00,244,14,112.55
18130.00,9,71,1045.74
18133.00,212,2,715.50
18135.00,30,20,681.91
18136.00,64,39,761.83
18138.00,296,8,152.65
18139.00,18,162,8393.22
18141.00,361,1,-35.40
18142.00,152,18,1014.90
18143.00,117,61,1000.16
18144.00,8,40,2723.70
18145.00,13,221,2861.55
18146.00,141,10,160.35
18147.00,46,7,179.34
18149.00,51,16,612.08
18150.00,33,37,566.58
18151.00,135,38,653.35
18154.00,4,21,399.19
18155.00,76,28,347.82
18156.00,13,85,528.71
18158.00,10,35,451.75
18159.00,302,23,530.15
18160.00,58,39,638.06
18161.00,11,81,1612.79
18164.00,32,25,394.70
18165.00,178,10,302.46
18167.00,4,43,1355.51
18168.00,177,109,887.29
18169.00,61,9,202.65
18170.00,34,38,980.31
18171.00,59,56,1208.51
18172.00,15,197,7490.17
18173.00,87,31,2106.84
18174.00,8,1,104.00
18176.00,354,33,448.65
18177.00,32,75,1314.17
18178.00,114,99,1573.41
18179.00,10,90,1793.17
18180.00,5,119,1843.75
18181.00,25,44,382.80
18183.00,219,44,600.52
18184.00,16,1,49.80
18185.00,250,17,304.25
18188.00,16,72,1998.49
18189.00,78,69,1084.34
18190.00,193,16,274.51
18191.00,262,7,207.80
18192.00,72,45,957.97
18193.00,151,17,233.81
18194.00,65,9,896.00
18196.00,96,141,689.13
18198.00,5,166,5083.06
18200.00,107,32,163.80
18202.00,200,68,1396.99
18203.00,158,19,160.42
18204.00,72,202,1979.30
18205.00,37,32,517.36
18209.00,29,8,139.10
18210.00,2,134,2621.38
18211.00,26,42,600.07
18212.00,327,43,248.42
18213.00,237,15,232.48
18215.00,90,13,299.34
18216.00,32,26,481.75
18217.00,30,31,621.75
18218.00,207,24,626.38
18219.00,3,102,1809.58
18220.00,220,4,297.78
18221.00,23,65,1033.31
18222.00,93,19,443.00
18223.00,2,299,6315.23
18224.00,264,10,158.95
18225.00,4,283,5362.82
18226.00,39,245,5192.10
18227.00,218,5,93.75
18228.00,51,32,769.20
18229.00,12,154,6623.70
18230.00,10,88,2723.35
18231.00,193,126,2066.17
18232.00,82,40,582.47
18233.00,326,1,440.00
18235.00,72,104,1796.48
18236.00,30,49,882.24
18237.00,3,61,987.10
18239.00,219,59,1123.51
18240.00,47,6,422.58
18241.00,10,105,2058.09
18242.00,73,78,2232.49
18245.00,8,177,2507.56
18246.00,24,4,596.10
18248.00,114,49,783.02
18249.00,18,8,95.34
18250.00,302,22,342.92
18251.00,88,16,4314.72
18252.00,51,98,526.67
18255.00,90,6,103.30
18256.00,355,4,-50.10
18257.00,40,123,2265.38
18259.00,25,35,1962.30
18260.00,173,140,2595.00
18261.00,44,21,324.24
18262.00,141,13,149.48
18263.00,24,62,1211.08
18265.00,73,46,801.51
18268.00,135,2,0.00
18269.00,359,1,-29.70
18270.00,39,13,238.95
18272.00,3,170,3064.78
18273.00,3,3,204.00
18274.00,18,22,0.00
18276.00,22,16,323.36
18277.00,59,9,97.63
18278.00,74,9,173.90
18280.00,278,10,180.60
18281.00,181,7,80.82
18282.00,8,13,176.60
18283.00,4,756,2094.88
18287.00,43,70,1837.28
